,textbox16,textbox33,textbox36,AnimalNumber,AnimalName,Species,PrimaryBreed,textbox11,Gender,Altered,OperationType,OperationSubType,OperBy,textbox64,ARN,textbox55,textbox54,textbox58,JurisdictionOut,OutcomeReason,Textbox50,Textbox17,Textbox31,Textbox34,Textbox44,Textbox45,textbox77,gid,Animal ID,Level,Level Reason,Special Intake Information,HW,Sex,Microchip ID,Rabies Revaccination Date,Weight,Hold,Current Status,Age,Location,Short URL,Foster Start Reason,Leash Skills,Dog Interaction,Cat Interaction,Kid Interaction,Crate Trained,Potty Skills,Cuddle Meter,Energy/Activity Level,DOB,IntakeDate,Color & Breed,More about me,Play Style,Playgroup Notes,"""Dog Test"" Notes",Behavior Notes,Foster/Home Notes,completed
0,Adoption,Total Outcomes: 21,Total Unique Animals: 21,A0058330172,Bando-ADOPTED,Dog,"Chihuahua, Short Coat",2mos,M,Yes,Adoption,Onsite,Shirra Jane,JShirra,L1,Mix,No,,Fulton County,,04/22/2025 05:07 PM,,,,,,43,1210027358881698,A0058330172,L1,L1,,,N,941010002991933,4/22/2026,6,,Adopted,00 year(s) 02 month(s) 01 day(s),Dog Intake 128.02,,,,,,,,,,,2/21/2025,4/17/2025," Brown / Golden Chihuahua, Short Coat / Mix",,,,,4/18/2025 easily handled,,True
1,Adoption,Total Outcomes: 21,Total Unique Animals: 21,A0058326639,Android-ADOPTED,Dog,"Dachshund, Standard Smooth Haired",3mos,M,Yes,Adoption,Onsite,Turner Kam'bray,KTurner,L2-SF,Mix,No,,Other,,04/22/2025 04:40 PM,,,,,,43,1210019001723004,A0058326639,L2,L2-SF,,,N,941010003070899,,12,,Adopted,00 year(s) 03 month(s) 04 day(s),Dog Visiting 060 C2,,,,,,,,,,,,4/17/2025," Brown Dachshund, Standard Smooth Haired / Mix",,,,,"4/18/2025 scared & growling in intake kennel. showing signs of stress/fear, startles easily, tense muscles, urination when touched, frozen/frigid, hiding, whale eye. warmed up a bit once in exam room with treats but trembled the entire time. seems very food motivated",,True
2,Adoption,Total Outcomes: 21,Total Unique Animals: 21,A0058325314,Spinderella -ADOPTED,Dog,"Terrier, Pit Bull",7mos,F,Yes,Adoption,Onsite,Harmon Maddie,maddieharmon,L1,Mix,No,,Atlanta,,04/22/2025 05:40 PM,,,,,,43,1210018953389837,A0058325314,L1,L1,,,S,941010003017661,4/22/2026,37,,Adopted,00 year(s) 05 month(s) 04 day(s),Dogs 081 B5,,,,,,,,,,,,4/17/2025," Grey / White Terrier, Pit Bull / Mix",,,,,4/18/2025 easily handled,,True
3,Adoption,Total Outcomes: 21,Total Unique Animals: 21,A0058328290,Tiny Tim-ADOPTED,Dog,"Mixed Breed, Medium (up to 44 lbs fully grown)",5mos,M,Yes,Adoption,Onsite,Harmon Maddie,maddieharmon,L1,Mix,No,,Other,,04/22/2025 04:39 PM,,,,,,43,1210018851270296,A0058328290,L1,L1,,-,N,941010003003751,4/22/2026,70,,Available,01 year(s) 02 month(s) 29 day(s),Dogs 088 B10,,,,,,,,,,,,4/17/2025," Black Mixed Breed, Medium (up to 44 lbs fully grown) / Mix",,,,,"4/18/2025 easily handled

2/11/2026 Behavior Upon Arrival: (behavior in field or intake lobby): N/AObserved Behavior in Kennel: Easily handled Behavior During Intake Exam: Easily handledLevel Given After Intake (be specific): L1 ",,True
4,Adoption,Total Outcomes: 21,Total Unique Animals: 21,A0058306998,Deuce- ADOPTED,Dog,Belgian Malinois,4yrs,M,Yes,Adoption,Onsite,Hartman Lyndsey,LHartman,L1,Mix,No,,Atlanta,,04/22/2025 04:40 PM,,,,,,43,1209997981202420,A0058306998,L1,L1,,-,N,941010003025280,4/16/2026,56,,Available,04 year(s) 00 month(s) 06 day(s),Dogs 401 5,,,,,,,,,,,,4/15/2025, Black / Brown Belgian Malinois / Mix,,,,,4/16/2025 easily handled in intake kennel & during exam,,True
5,Adoption,Total Outcomes: 21,Total Unique Animals: 21,A0056886822,Dianna Ross,Dog,"Mixed Breed, Large (over 44 lbs fully grown)",10mos,F,Yes,Adoption,Onsite,Harmon Maddie,maddieharmon,L1,Mix,No,,Atlanta,,04/22/2025 07:57 PM,,,,,,43,1208310909092447,A0056886822,L1,L1,,-,S,941010002463347,10/2/2025,49,,Available,00 year(s) 10 month(s) 07 day(s),Dogs 306 B2,,,Walks politely on leash,,,Positive history with kids,Has done well in a crate.,Has done well in a home. ,,,,9/14/2024," Brown / White Mixed Breed, Large (over 44 lbs fully grown) / Mix",,,,"4/15/2025 a bit insecure, eager to play, helicopter tail, very friendly. ","9/15/2024 easily handled in the kennel and during the intake exam. 

4/9/2025 Easily handled both in the kennel and during the exam.","4/8/2025 Timestamp 2025-04-08 18:16:38Dog's name: DollyDoes this dog take any medication or have any known medical issues, injuries, or allergies? If yes, please explain. noHow long have you had this dog? 2025-10-24 00:00:00This dog is a... Adoption Return (This pet was adopted from this shelter.)What is the main reason you are bringing this dog back to the shelter? Time commitmentPlease explain in your own words, why you need to return this dog today. don't have timeWhile in your care, did this dog live with children? The dog did not live with children, but has met children while with me.If this dog lived with or interacted with children, how old were the children? 3 years oldHow would you describe this dog's behavior towards the children? Mostly FriendlyIf this dog has had issues with children that include behavior such as growling, snapping, or showing teeth, please describe the circumstance, tell us how often and give as much detail as possible. noneWhat other animals did this dog live with in your home? No other animalsIf other animals lived in the home, how well did this dog get along with them? noIf this dog met or played with other dogs please describe their body language: UninterestedHas this dog ever fought with another dog? If yes, please describe the incident. NoHas this dog ever injured another dog? If yes, please describe the incident. noHow does this dog react when they see a prey animal (squirrel, mouse, bird) or cat outside? chaseHas this dog ever killed a prey animal or pet? If yes, please describe the incident. noIs there any other information you would like to share about this dog interacting with other animals? noWhere did this dog spend most of their time? InsideDo you have a fenced yard? NoIf you do not have a fenced yard, do you: Walk the dog on a leashHow did you exercise this dog? walkHow often did you exercise this dog? DailyWhat kind of collar did you use for this dog? Body harnessHow was this dog on a leash? Great on a leashHave you ever taken this dog to a training class? NoWhat commands does this dog know? sit paw stay tubWhich behaviors does this dog need improvement on? noneWhen the dog played did they typically... JumpHow long each day was this dog left alone inside your home? all dayWhen left inside your home alone, was this dog... CratedWhen this dog was left alone did they show any of the following behaviors? None of theseIs this dog crate trained? Yes, for 4-8 hours.How often did this dog have potty accidents in the house? Rarely, Urinates onlyHow often did this dog destroy things other than toys? NeverIf this dog destroys things, is it only when left alone? NoWhat does this dog do when a stranger/visitor comes into the house? gets happyWhat does this dog do when a stranger tries to pet them? let them petWhat does this dog do when you or someone else goes near the food bowl while they are eating? nothingWhat does this dog do when someone tries to take away toys, bones, food, or anything the dog decides is valuable? nothingWhat does this dog do when someone tells them to get off of furniture? Doesn't get on furnitureWhat is this dog's best quality? learning commandsWhat is this dog's worst quality? real scaryCheck all that apply to this dog's personality: Friendly, Shy, Clingy, Polite, Playful, AffectionateIn your own words, describe this dog's personality. chillWhat is this dog afraid of? How do they react? VacuumAll dogs have sensitive places. Where is this dog sensitive about being touched? Describe their reaction. noneHave you seen them act aggressively toward anyone? NoWould you like to be notified if this animal is ever at risk for euthanasia? YesIf the animal is still here in 30 days, would you like us to check in with you? Yes",True
6,Adoption,Total Outcomes: 21,Total Unique Animals: 21,A0055880455,Rogue,Dog,"Terrier, Pit Bull",5yrs,M,Yes,Adoption,Onsite,Hartman Lyndsey,LHartman,L1,Mix,No,,Other,,04/22/2025 03:53 PM,,,,,,43,1207278571727666,A0055880455,L1,L1,,-,N,941010003194084,7/19/2025,47,,Available,04 year(s) 11 month(s) 13 day(s),Dogs 081 A7,https://bit.ly/Adopt-Rogue,,Walks politely on leash,Has enjoyed interacting with other dogs,Positive interaction,,,Has done well in a home. ,Super cuddler,1 - Low energy,,5/8/2024," Brown / White Terrier, Pit Bull / Mix",,,,,"5/9/2024 Easily handled 

6/18/2024 He was sitting in the kennel while hanging his head down low and side eyeing Cindy and I during rounds. His body language was more tense than usual so I opened his kennel door to see if he would solicit attention like he normally would but instead he whale eyed and low growled with a pucker. Advised staff to use caution handling. Very distressed and fearful in kennel.

6/25/2024 Easily leashed and retrieved. Very excited to get out of his kennel! Super wiggly and curious. Happily greeted every stranger he encountered, both male and female. Very cute and very sweet! No issues re-kenneling. Wrote up for Happy tail.

7/13/2024 Rogue was super gentle and was his typically low key self. He was curled up on his bed when I went to his kennel and was easily leashed. Great on leash. He was interested in other dogs through the fences in the play yard, tail wagging. He was super interested in everything and everyone around him, focused on movements and sounds and not easily distracted from it. He’s still the sweetest little guy. 

3/12/2025 Link to our meeting summary:https://docs.google.com/document/d/1lpoqGZo4tmip-BjG1SoLNHtYDVl-MQEzubmMbSpxtAg/edit?usp=sharing

4/14/2025 easily handled while in intake and during exam","4/13/2025 Timestamp 2025-04-13 11:38:21Dog's name: RogueAnimal ID #: 55880455Does this dog take any medication or have any known medical issues, injuries, or allergies? If yes, please explain. noHow long have you had this dog? 2024-04-19 00:00:00This dog is a... Foster (I had this pet as a foster for more than 3 nights.)What is the main reason you are returning this pet to the shelter? Rogue is an amazing dog who is cat and dog friendly. We are having issues going on that have made drastic changes to his care. We leave before sunrise and get home after its dark and are having to clean up messes. This is not his fault as we are gone more than 18 hours. We are exhausted and just need a break. Our resident dog has started attacking rogue for reasons unknown. Please give rogue a chance as he needs specia. Attention due to his anxietyWhile in your care, did this dog live with children? NoAre there any details about this dog interacting with children that you would like to share? noWhat other animals did this dog live with in your home? Large dog(s), CatsIf other animals lived in the home, how well did this dog get along with them? they all get along well and sometimes have their issues as do any dogsIf this dog met or played with other dogs please describe their body language: Excited, Jumpy, Rough/needs mannersHas this dog ever fought with another dog? If yes, please describe the incident. playful playHas this dog ever injured another dog? If yes, please describe the incident. noHow does this dog react when they see a prey animal (squirrel, mouse, bird) or cat outside? not interestedHas this dog ever killed a prey animal or pet? If yes, please describe the incident. noIs there any other information you would like to share about this dog interacting with other animals? noWhere did this dog spend most of their time? BothDo you have a fenced yard? YesHow did you exercise this dog? walks,hikes and runs in yardHow often did you exercise this dog? DailyWhat kind of collar did you use for this dog? Body harnessHow was this dog on a leash? Some pulling, but manageable, Gets excited when they see other dogsHave you ever taken this dog to a training class? NoWhat commands does this dog know? Sit,stay,no,offWhich behaviors does this dog need improvement on? separation anxiety, counter surfingWhen the dog played did they typically... Jump, Growl, Bark, Bite lightlyHow long each day was this dog left alone inside your home? Recently 16 hoursWhen left inside your home alone, was this dog... A mix of crated and free roamWhen this dog was left alone did they show any of the following behaviors? Urinated/defecated, Barked, Cried, Tried to escape crateIs this dog crate trained? Yes, for 4 hours or less.How often did this dog have potty accidents in the house? RarelyHow often did this dog destroy things other than toys? Only in the beginning but not nowIf this dog destroys things, is it only when left alone? YesWhat items did this dog destroy? Wall molding and doorWhat does this dog do when a stranger/visitor comes into the house? Excited and jumpsWhat does this dog do when a stranger tries to pet them? He loves itWhat does this dog do when you or someone else goes near the food bowl while they are eating? not aggressiveWhat does this dog do when someone tries to take away toys, bones, food, or anything the dog decides is valuable? growl but gives it up if a distraction is givenWhat does this dog do when someone tells them to get off of furniture? gets offWhat is this dog's best quality? very affectionateWhat is this dog's worst quality? separation anxietyCheck all that apply to this dog's personality: Friendly, Clingy, Goofy, Playful, AffectionateIn your own words, describe this dog's personality. cat friendly, dog friendly. Clingy, food motivated, Loves walks , sun bathing, loves to play with dogs, loves looking out window, enjoys nappingWhat is this dog afraid of? How do they react? being left alone. I think he has a fear of abandonmentAll dogs have sensitive places. Where is this dog sensitive about being touched? Describe their reaction. his butt. We express our own dogs anal glands and rogue started scooting so we tried to express his and he does not like it.Have you seen them act aggressively toward anyone? NoPlease tell us anything you would like us to know about this dog to help us find it an adoptive home. He would be best in a home with a dog or cat or even alone. He is super friendly and loves his people. He needs someone who can be patient with him as it takes some time to trust.Would you like to be notified if this animal is ever at risk for euthanasia? YesIf the animal is still here in 30 days, would you like us to check in with you? Yes",True
7,Adoption,Total Outcomes: 21,Total Unique Animals: 21,A0057954312,Bubbly- ADOPTED,Dog,"Terrier, American Pit Bull",2yrs,F,Yes,Adoption,Onsite,Hartman Lyndsey,LHartman,L1,Mix,No,,Alpharetta,,04/22/2025 12:08 PM,,,,,,43,1209576912026821,A0057954312,L1,L1,,+,S,941010002423314,3/21/2026,37,,Trial Adoption,02 year(s) 01 month(s) 17 day(s),Foster Trial Adoption,https://bit.ly/AdoptBubbly,Trial Adoption,Walks politely on leash,Has enjoyed interacting with other dogs,,,,,Super cuddler,1 - Low energy,,3/4/2025," Brown Terrier, American Pit Bull / Mix",,,"3/18/2025 Primary Handler: amberSecondary Handler: emilyRunners:Scribe:Play Style: cafeGreeter/Helper: Significant Incidents: aloof but steerabletolerant of other dogs sniffing her. may just be a reserved gal - bring to cafe, may not benefit from group  ","3/13/2025 Dog tested with Alaskan Bull worm. Sniffed through the fence and both paid each other no mind. Jacob brought Alaskan Bull worm into the play yard on leash. Alaskan was more interested in Bubbly. She just walked around the yard as if he wasn't there. He came up to her and was sniffing her back side and she was not bothered. We dropped leashes and they both did their own thing. She saw he was there but didn't really interact with him. I would be curious to see how she does with a dog that is a little more in her face. But overall a great test. She seemed relaxed, no hackles, tail was loose. ",3/5/2025 easily handled in the kennel and during the intake exam. ,,True
8,Adoption,Total Outcomes: 21,Total Unique Animals: 21,A0057962653,Cinna Swirl-ADOPTED,Dog,"Terrier, American Pit Bull",2yrs,F,Yes,Adoption,Onsite,Turner Kam'bray,KTurner,L1,Mix,No,,Other,,04/22/2025 12:47 PM,,,,,,43,1209591911595153,A0057962653,L1,L1,,-,S,941010002352939.0,3/7/2026,61,,Trial Adoption,02 year(s) 02 month(s) 15 day(s),Foster Trial Adoption,https://bit.ly/AdoptCinnaSwirl,Trial Adoption,Walks politely on leash,Likes some dogs (Dog selective),Does not like cats,Best with older kids ,Crates are scary!,Has done well in a home. ,Super cuddler,2-Medium energy,,3/5/2025,"Merle Brown Terrier, American Pit Bull / Mix","Loves fetch, Loves toys, Knows basic commands",No PlayGroup- Slow Intros,,"3/21/2025 growled through gate at radio rebel but was neutral with oreo castellon. pulled radio rebel back and allowed her to enter yard with oreo. was more interested in sniffing the yard than greeting oreo. after some time she approached radio, remained neutral, and then continued sniffing the yard. handler moved radio to the other side of the yard and as he passed cinna swirl she began growling, and then growled at oreo when he approached her. showed no interest in playing and was not behaving offensively, but also appeared intolerant of the dogs existing nearby. adoption return, will reassess after she's decompressed for a few days. 

4/15/2025 no offensive behavior shown or intolerance towards dogs, but didn't seem to benefit from the socialization - wouldn't bring back to PG but likely could live with other dogs.  no growling or defensive behavior at gate!! (last assessment she growled at both dogs) low and slow wag when rose greeted. once in the yard she immediately went to sniffing the yard, showing no interest in birch when he came up to greet her. provided ample time for her to loosen up and interact with both dogs, rose rubbed up against her and cinna swirl moved away from her, trotting to the other side of the yard. birch sniffed her entire body and she acted like he didn't even exist, not swaying from sniffing the yard and walking around.   ",3/6/2025 easily handled while in intake and during exam,"3/24/2025 CINNA SWIRL – Trial Adoption Return 3/20 Does this dog take any medication or have any known medical issues, injuries, or allergies? If yes, please explain YesHow long have you had this dog? Since 3/12/2025Why are you bringing this dog back to the shelter today? Health of the petPlease explain in your own words, why you need to return this dog Heath issue with pet which are getting worse not better.While in your care, did this dog live with children? The dog did not live with children, but has met children while with me.If this dog lived with or interacted with children, how old were the children? 3 mos and 2 yrsHow would you describe this dog's behavior towards the children? Mostly FriendlyAre there any details about this dog interacting with children that you would like to share? NoIf this dog has had issues with children that include behavior such as growling, snapping, or showing teeth, please describe the circumstance, tell us how often and give as much detail as possible NoWhat other animals did this dog live with in your home? Large dog(s)If other animals lived in the home, how well did this dog get along with them? It was another foster they got along very wellIf this dog met or played with other dogs please describe their body language: NervousHas this dog ever injured another dog? If yes, please describe the incident NoHow does this dog react when they see a prey animal (squirrel, mouse, bird) or cat outside? No reactionHas this dog ever killed a prey animal or pet? If yes, please describe the incident NoIs there any other information you would like to share about this dog interacting with other animals? Needs patience she has been hurt in the past.Where did this dog spend most of their time? BothDo you have a fenced yard? YesHow did you exercise this dog? Walks throw ball/fetchHow often did you exercise this dog? DailyWhat kind of collar did you use for this dog? Body harnessHow was this dog on a leash? Great on a leashHave you ever taken this dog to a training class? NoWhat commands does this dog know? Sit noWhich behaviors does this dog need improvement on? Training on more basicsWhen the dog played did they typically Jump, Pull on toys run after ball. Wants rubbing and loveHow long each day was this dog left alone inside your home? NeverWhen left inside your home alone, was this dog Never left aloneWhen this dog was left alone did they show any of the following behaviors? Never left aloneIs this dog crate trained? We never made this dog stay in a crate.How often did this dog have potty accidents in the house? NeverHow often did this dog destroy things other than toys? NeverIf this dog destroys things, is it only when left alone? NoWhat items did this dog destroy? NoneWhat does this dog do when a stranger/visitor comes into the house? Go to attention and then wrags her tailWhat does this dog do when a stranger tries to pet them? Allows SniffsWhat does this dog do when you or someone else goes near the food bowl while they are eating? You can touch the bowl and tour her when she is eating.What does this dog do when someone tries to take away toys, bones, food, or anything the dog decides is valuable? If playing ...just play or if you're taking it she allows it.What does this dog do when someone tells them to get off of furniture? Looks at you for another direction to get offWhat is this dog's best quality? Kind friendly fun lovingWhat is this dog's worst quality? Right just be dog sick with kennel coughCheck all that apply to this dog's personality: Friendly, Shy, Clingy, Polite, Fearful, Playful, AffectionateIn your own words, describe this dog's personality Beautiful LovingWhat is this dog afraid of? How do they react? From a part of her past she was abused so she's shy.Have you seen them act aggressively toward anyone? NoPlease tell us anything you would like us to know about this dog to help us find it an adoptive home She's a great pet just sick at the moment. She's shy needs love and NEEDS to FEEL SAFE. Someone hurt her in the pass.Would you like to be notified if this animal is ever at risk for euthanasia? YesIf the animal is still here in 30 days, would you like us to check in with you? Yes

4/12/2025 CINNA SWIRL -DFTD 4/12 Does this dog take any medication or have any known medical issues, injuries, or allergies? If yes, please explain. NoHow long have you had this dog? One dayThis dog is a... Dog For The Day (I picked this pet up earlier today for an outing.)What activities did you do with this dog today? Went for a long walk, took a long nap, and got a pup cup!Did this dog have any interactions with the following? [Dogs ] Positive InteractionDid this dog have any interactions with the following? [Cats] No InteractionDid this dog have any interactions with the following? [Men ] Positive InteractionDid this dog have any interactions with the following? [Women ] Positive InteractionDid this dog have any interactions with the following? [Children ] Positive InteractionWhat was this dog's activity level? 1-Low energy (Couch potato)How cuddly was this dog today? 4-Super snugglerIf this dog met any children on your outing, how would you describe this dog's behavior towards the children? Mostly FriendlyHow did this dog do on a leash? Some pulling, but manageableDid this dog know any commands? SitWhat is this dog's best quality, in your opinion? She has the sweetest disposition - just a love bugWhat is this dog's worst quality, in your opinion? She’s a scaredy catSelect any of these apply to the dog's personality: Friendly, Clingy, Affectionate, PoliteDid this dog have an potty accidents? NoDid you see this dog act aggressively toward anyone? NoPlease tell us anything you would like us to know about this dog to help us find it an adoptive home. Cinna Swirl just wants to cuddle up and have a nap buddy all day long. She looks to everyone for a head pat, wants to stop and smell the flowers on a walk, and will chase any squirrel you let her.Would you like to be notified if this animal is ever at risk for euthanasia? YesIf the animal is still here in 30 days, would you like us to check in with you? No

4/14/2025 Timestamp 2025-04-15 18:46:14Dog's name: Cinna SwirlHow long have you had this dog? 2 hoursThis dog is a... Dog For The Day (I picked this pet up earlier today for an outing.)What activities did you do with this dog today? We walked, grounded, and sunbathed.Did this dog have any interactions with the following? [Dogs ] No InteractionDid this dog have any interactions with the following? [Cats] No InteractionDid this dog have any interactions with the following? [Men ] No InteractionDid this dog have any interactions with the following? [Women ] No InteractionDid this dog have any interactions with the following? [Children ] No InteractionWhat was this dog's activity level? 2-Medium Energy (Alternates rest and play)How cuddly was this dog today? 2-I'm affectionate with friendsHow did this dog do on a leash? Great on a leashDid this dog know any commands? UnsureWhat is this dog's best quality, in your opinion? Cinna Swirl has a very calm temperament.Select any of these apply to the dog's personality: Friendly, Shy, AffectionateDid this dog have an potty accidents? NoDid you see this dog act aggressively toward anyone? NoWould you like to be notified if this animal is ever at risk for euthanasia? NoIf the animal is still here in 30 days, would you like us to check in with you? No

5/3/2025 Timestamp 2025-05-03 16:05:24Dog's name: Cinna Swirl now named WILLOWDoes this dog take any medication or have any known medical issues, injuries, or allergies? If yes, please explain. Yes- antibiotics from the shelterHow long have you had this dog? 3 weeks? Maybe 2.5This dog is a... Adoption Return (This pet was adopted from this shelter.)What is the main reason you are bringing this dog back to the shelter? High prey drive. Destroys cages and walls to get to other dogs.Please explain in your own words, why you need to return this dog today. WorriedWhile in your care, did this dog live with children? YesIf this dog lived with or interacted with children, how old were the children? 5, 6, and 9How would you describe this dog's behavior towards the children? Mostly Friendly, Jumps On ThemAre there any details about this dog interacting with children that you would like to share? Gentle with kids. Can jump when she gets the zoomies.If this dog has had issues with children that include behavior such as growling, snapping, or showing teeth, please describe the circumstance, tell us how often and give as much detail as possible. NoneWhat other animals did this dog live with in your home? Small dog(s)If other animals lived in the home, how well did this dog get along with them? She did not do well with my small dog even walking near her caged up. She broke her kennel walls trying to get to my resident dog.If this dog met or played with other dogs please describe their body language: Doesn’t like other dogsHas this dog ever fought with another dog? If yes, please describe the incident. She has tried to gain access to my smaller dog.Has this dog ever injured another dog? If yes, please describe the incident. NoHow does this dog react when they see a prey animal (squirrel, mouse, bird) or cat outside? NoHas this dog ever killed a prey animal or pet? If yes, please describe the incident. NoWhere did this dog spend most of their time? InsideDo you have a fenced yard? YesHow did you exercise this dog? A walk at nightHow often did you exercise this dog? DailyWhat kind of collar did you use for this dog? Buckle collarHow was this dog on a leash? Great on a leashHave you ever taken this dog to a training class? NoWhat commands does this dog know? SitWhich behaviors does this dog need improvement on? Jumping up when excited, love biting armsWhen the dog played did they typically... Jump, She would put her mouth around my arm, but not biteHow long each day was this dog left alone inside your home? 5 hoursWhen left inside your home alone, was this dog... CratedWhen this dog was left alone did they show any of the following behaviors? Destroyed household items, Tried to escape crateIs this dog crate trained? No! (tries to escape, cries, uses the bathroom)How often did this dog have potty accidents in the house? RarelyHow often did this dog destroy things other than toys? Only when she freed herself from her crateIf this dog destroys things, is it only when left alone? YesWhat items did this dog destroy? Anything she could chew up. Blinds, trash can, paint brushes, etc.What does this dog do when a stranger/visitor comes into the house? She loves peopleWhat does this dog do when a stranger tries to pet them? She’s walks to them for petsWhat does this dog do when you or someone else goes near the food bowl while they are eating? NothingWhat does this dog do when someone tries to take away toys, bones, food, or anything the dog decides is valuable? NothingWhat does this dog do when someone tells them to get off of furniture? Gets downWhat is this dog's best quality? Sweet & snugglyWhat is this dog's worst quality? Breaks out of crate & destroys the house when gone.Check all that apply to this dog's personality: Friendly, Clingy, Playful, AffectionateIn your own words, describe this dog's personality. She is calm, sweet, and gentle. She is a little rough when playing, jumps, love bites, and can knock someone over when running.What is this dog afraid of? How do they react? Tucks her tail and runsAll dogs have sensitive places. Where is this dog sensitive about being touched? Describe their reaction. She doesn’t like being approached from behind.Have you seen them act aggressively toward anyone? NoPlease tell us anything you would like us to know about this dog to help us find it an adoptive home. She is the best girl, would do best with someone who doesn’t have to crate her and if she needs to be crated she needs an anxiety crate, NO WIRE CRATES. She is potty trained. She will do best as the only dog. She is strong and tries to go after other dogs no matter the dogs size. She loves to snuggle.Does not like to get in the car but once she’s in, she’s fine. She loves kids but can play rough when she gets the zoomies and would do best in a home with older kids. She does not like to be confined anywhere. She will scratch up doors, jump 6 ft privacy fences, break/bend door to crates. She loves people and loves to go on walks. Shes medium to low energy unless she gets the zoomies then she can be on higher energy at side, but with proper exercise she is fine. She really deserves someone who can accommodate her needs.Would you like to be notified if this animal is ever at risk for euthanasia? YesIf the animal is still here in 30 days, would you like us to check in with you? Yes",True
9,Adoption,Total Outcomes: 21,Total Unique Animals: 21,A0056657164,Bo-wee-ADOPTED,Dog,"Terrier, Pit Bull",5yrs,M,Yes,Adoption,Foster Home,Shirra Jane,JShirra,L2-LB/OA,Mix,No,,,,04/22/2025 12:47 PM,,,,,,43,1208175694889281,A0056657164,L2,L2-LB/OA,,-,N,941010002481265,9/25/2025,44,,Available,04 year(s) 07 month(s) 24 day(s),Foster Foster Home,https://bit.ly/AdoptBo-wee,Behavior,,,,,,,,3-Regular walking/running partner,,8/28/2024," White / Brown Terrier, Pit Bull / Mix",,,,,"8/29/2024 Easily handled in the kennel and during the intake exam. 

9/26/2024 Bo-wee met a woman in the old pathways office and did well. Showed positive interest in her after sniffing around a bit first. At this time the lobby got crowded with people and dogs, and Bo-Wee was interested but non reactive. He turned and mounted my leg, but was easy to redirect. Hanging out in the lobby after this he began mounting every minute or so. Each time he was easy to pull off and would go into a sit. We went outside for a bit where he calmed, and then a man wanted to meet him. We went in the back corner office that is smaller and more closed off. The man was large and did not seem dog savvy. As soon as I shut the door I could tell that Bo-wee was feeling uncomfortable and cornered. I asked the man to open up and give him some space, but Bo-wee was still uncomfortable. He started barking and slightly lunging towards the man. Throughout these interactions Bo-wee was never difficult for me to control. I was going to recommend any potential fosters keep him on leash in case of humping. Bo-wee may prefer women, and would be best with an experienced dog person. In general he did not display SD to others in lobby outside of the incident in the office. 

9/29/2024 Will try to hump and does NOT want to stop. Wraps his legs around you and does not want to let go. 

11/14/2024 When volunteer Emily took Bo-Wee today she could not get him back.  He began actively leash biting, humping, and very OA.  She talked to staff member JJ who put him back but had a hard time.  JJ told her she has told her concerns to a supervisor before.  Am leveling up for now.  Will ask for evaluation.  - Cindy W","10/20/2024 DFTD 10/20What activities did you do with this dog today? Beltline walk and breweryDid this dog have any interactions with the follow? [Dogs ] Positive InteractionDid this dog have any interactions with the follow? [Cats] No InteractionDid this dog have any interactions with the follow? [Men ] Positive InteractionDid this dog have any interactions with the follow? [Women ] Positive InteractionDid this dog have any interactions with the follow? [Children ] No InteractionHow was this dog on a leash? Some pulling, but manageable, Gets excited when they see other dogsDid this dog know any commands? SitWhat is this dog's best quality? Very friendly towards everyone - met 30 strangers at the brewery and got lots of compliments!What is this dog's worst quality? Excitedly jumps on people (in a friendly way, but could knock down a frail person)Check all that apply to this dog's personality: Friendly, Playful, Affectionate, GoofyDid this dog have an potty accidents? We were outside all day.What was this dog's activity level? High Energy (great running buddy)Anything else you'd like to tell us to help them find an adoptive home? Showed positive interest in other dogs on leash, but did not actually meet them.Have you seen this dog act aggressively toward anyone? NoWould you like to be notified if this animal is ever at risk for euthanasia? Yes",True
10,Adoption,Total Outcomes: 21,Total Unique Animals: 21,A0057076607,Meridian,Dog,"Mixed Breed, Medium (up to 44 lbs fully grown)",11mos,F,Yes,Adoption,Onsite,Hartman Lyndsey,LHartman,L1,Mix,No,,Atlanta,,04/22/2025 05:55 PM,,,,,,43,1208555843392337,A0057076607,L1,L1,,-,S,941010002132464,10/23/2025,25,,Available,00 year(s) 11 month(s) 07 day(s),Receiving 130 Crate,,,,,,,,,,,5/15/2024,10/14/2024," Brown / White Mixed Breed, Medium (up to 44 lbs fully grown) / Mix",,,,,,,True
11,Adoption,Total Outcomes: 21,Total Unique Animals: 21,A0057120681,Thelma,Dog,"Terrier, Pit Bull",2yrs,F,Yes,Adoption,Foster Home,Hartman Lyndsey,LHartman,L1,Mix,No,,Other,,04/22/2025 03:35 PM,,,,,,43,1208596559905953,A0057120681,L1,L1,,-,S,941010002246016,11/21/2025,43,,Available,01 year(s) 11 month(s) 30 day(s),Foster Foster Home,https://bit.ly/adopt_Thelma,Lack of Space,Walks politely on leash,Lived with dogs,Unknown/No history,Positive history with kids,Has done well in a crate.,Has done well in a home. ,Super cuddler,1 - Low energy,,10/21/2024," White / Brown Terrier, Pit Bull / Mix",,,,,"10/22/2024 easily handled

10/22/2024 easily handled",,True
12,Adoption,Total Outcomes: 21,Total Unique Animals: 21,A0057275511,Colton,Dog,"Terrier, American Pit Bull",2yrs,M,Yes,Adoption,Onsite,Hartman Lyndsey,LHartman,L1,Mix,No,,Clayton County,,04/22/2025 01:10 PM,,,,,,43,1208772715044423,A0057275511,L1,L1,,-,N,985113009124960.0,1/14/2026,58,,Available,02 year(s) 06 month(s) 19 day(s),Dogs 403 B2,https://bit.ly/AdoptColton,,Pulls some but manageable,Has enjoyed interacting with other dogs,,Positive history with kids,Has done well in a crate.,Has done well in a home. ,"Play first, then snuggle time",4-High energy,11/14/2021,11/14/2024," Brown / White Terrier, American Pit Bull / Mix","Loves fetch, Loves toys, Knows basic commands",Push/Pull - Outgoing,"1/26/2025 Colton was in for assessments with Simba and Alaskan Bull Worm. Good gate greetings, steerable at the gate. Really tried to get Simba to engage in play with him but did so politely. Recommend for a RR PG

1/28/2025 1/28/25 Playgroup: still mouthy & R&R. He escalates in response to other dogs that escalate behavior towards him, doesn't take correction from other dogs very well. ",3/21/2025 bring to p/p group first - has history of overreacting during play - poss. due to lack of interactions or bc r/r play is too much for him. ,11/15/2024 easily handled,"2/1/2025 COLTON – DFTD 1/25 What activities did you do with this dog today? Ate lunch at Barcelona Wine Bar on the dog friendly patio, walked the Beltline, went to Ben & Jerry’s for a treat, and walked Piedmont ParkPositive interactions with: Dogs, kids, men and womenNo interactions with: CatsIf this dog met any children on your outing, how would you describe this dog's behavior towards the children? Mostly FriendlyHow was this dog on a leash? Pulls very hardDid this dog know any commands? Sit, Down, Come, Give Paw, High 5What is this dog's best quality? He is very friendly and energetic but also is extremely gentle and sweet. He has the best of both worlds!What is this dog's worst quality? Difficult to walk on a leash when people are running, biking, or skating by because he gets excited and wants to join themCheck all that apply to this dog's personality: Friendly, Playful, Affectionate, Goofy, PoliteDid this dog have an potty accidents? NoWhat was this dog's activity level? High Energy (great running buddy)Anything else you'd like to tell us to help them find an adoptive home? This dog is an angel and I think would be great in any homeHave you seen this dog act aggressively toward anyone? NoWould you like to be notified if this animal is ever at risk for euthanasia? Yes

2/20/2025 Foster Return 2/20/25 (survey being revised at the time of this survey so questions do not match up with answers) (I had this pet as a foster for more than 3 nights.)Have you seen them act aggressively toward anyone? 5 nightsHow long have you had this dog? noIf this dog is heartworm positive, did you start heartworm treatment? Time commitmentDoes this dog have any known medical issues, injuries, allergies or on any medication? If yes, please explain NoHow would you describe this dog's behavior towards the children? NaIf this dog didn't live with children, how often did this dog interact with children? No other animalsWhat does this dog do if a child is crying or screaming? naWhat does this dog do if a child runs towards them? ExcitedWhat does this dog do if a child tries to hug them? noWhat does this dog do if a child touches/pets them? noWhat does this dog do if they see a child on a bike? picked up a dead bird but thats itWhat does this dog do if they see a child running? noWhat does this dog do if someone picks up a child? Gets pretty excitedIf this dog has had issues with children that include behavior such as growling, snapping, or showing teeth, please describe the circumstance, tell us how often and give as much detail as possible InsideWhat other animals did this dog live with in your home? YesIf other animals lived in the home, how well did this dog get along with them? Walk the dog on a leashIf this dog met or played with other dogs please describe their body language: Let him run around and played fetch in fenced in areaHas this dog ever fought with another dog? If yes, please describe the incident DailyHas this dog ever injured another dog? If yes, please describe the incident Body harnessHow does this dog react when they see an outside cat? Some pulling, but manageable, Pulls very hard, Gets excited when they see other dogsHow does this dog react when they see a small animal like a squirrel? NoHas this dog ever killed a prey animal? (mouse, bird, rabbit, etc) If yes, please describe the incident sit paw lay down and upHas this dog ever injured or killed another pet? If yes, please describe the incident stay and commands when in exciting environmentsHow does this dog react when they see another dog outside? JumpIs this dog's behavior different on or off leash when they see a dog outside? at most was 6 hoursWhere did this dog spend most of their time? Able to roam freeHow long did this dog spend outside each day? BarkedDo you have a fenced yard? NoIf you do not have a fenced yard, do you: RarelyHow did you exercise this dog? NeverHow often did you exercise this dog? NoHow often did you take this dog for leash walks? Just toysWhat kind of collar did you use for this dog? naHow was this dog on a leash? lets them pet himHave you ever taken this dog to a training class? nothingHave you trained this dog yourself? likes tug a war but doesn't get upsetWhat kind of training tools have you tried with this dog? gets downWhat commands does this dog know? he is friendly and lovableWhich behaviors does this dog need improvement on? walking in an area with people when going on a hike he pulls hardWhich games does this dog like? Friendly, Polite, Playful, AffectionateWhat type of toys does this dog like? Colton is a good boy that will give you lots of love and is pretty chill when at home he's pretty easy to walk in places he knows well put when in an exciting environment he's a little hard to handle. He loves toys but make sure to get some heavy duty ones because he'll destroy them. He loves a good stickWhen the dog played did they typically.. nothing maybe a first being in a new environmentHow long each day was this dog left alone inside your home? in the earsWhen left inside your home alone, was this dog.. NoWhat does this dog do when someone tells them to get off of furniture? he did destroy all the toys so I would give him heavy duty ones he's also friendly around strangers. He's also house trained so will go potty outside. He did throw up once I'm not sure whyWhat does this dog do when someone tries to give them a hug? YesWhat does this dog do when someone reprimands them? No

2/28/2025 COLTON – DFTD 2/26 Does this dog take any medication or have any known medical issues, injuries, or allergies? If yes, please explain NoHow long have you had this dog? 1 dayThis dog is a.. Dog For The Day (I picked this pet up earlier today for an outing.)What activities did you do with this dog today? Walked on the beltline, played at a field, walked on Emory campusDid this dog have any interactions with the following? [Dogs ] Positive InteractionDid this dog have any interactions with the following? [Cats] No InteractionDid this dog have any interactions with the following? [Men ] Positive InteractionDid this dog have any interactions with the following? [Women ] Positive InteractionDid this dog have any interactions with the following? [Children ] No InteractionWhat was this dog's activity level? 3-High EnergyHow cuddly was this dog today? 3-Play first, then snuggle!How did this dog do on a leash? Pulls very hardDid this dog know any commands? Sit, Down, Give PawWhat is this dog's best quality, in your opinion? How playful and friendly he is. He was super happy to see everyone and would bring everyone his ballWhat is this dog's worst quality, in your opinion? How excited he was on the leash and how much he would pullSelect any of these apply to the dog's personality: Friendly, PlayfulDid this dog have an potty accidents? We were outside all day.Did you see this dog act aggressively toward anyone? NoWould you like to be notified if this animal is ever at risk for euthanasia? YesIf the animal is still here in 30 days, would you like us to check in with you? Yes

3/24/2025 COLTON – DFTD 3/22 Does this dog take any medication or have any known medical issues, injuries, or allergies? If yes, please explain noHow long have you had this dog? a few hours in the dayWhat activities did you do with this dog today? Walked in the park and on a trailDid this dog have any interactions with the following? [Dogs ] Positive InteractionDid this dog have any interactions with the following? [Cats] No InteractionDid this dog have any interactions with the following? [Men ] Positive InteractionDid this dog have any interactions with the following? [Women ] Positive InteractionDid this dog have any interactions with the following? [Children ] Positive InteractionWhat was this dog's activity level? 4- Regular walking/running buddyHow cuddly was this dog today? 4-Super snugglerIf this dog met any children on your outing, how would you describe this dog's behavior towards the children? Mostly FriendlyHow did this dog do on a leash? Some pulling, but manageableDid this dog know any commands? Sit, Give PawWhat is this dog's best quality, in your opinion? Super sweet boy. He is very friendly and non aggressive to strangers. He also isn’t reactive when he sees other dogs. This made our walk very enjoyable.What is this dog's worst quality, in your opinion? Colton is a busy body. He doesn’t do well in the car. He isn’t able to just sit in one spot. He wants to get in the drivers seat and travel from front seat to back seat the whole time.Select any of these apply to the dog's personality: Friendly, AffectionateDid this dog have an potty accidents? NoDid you see this dog act aggressively toward anyone? NoWould you like to be notified if this animal is ever at risk for euthanasia? YesIf the animal is still here in 30 days, would you like us to check in with you? No

4/26/2025 COLTON – Adoption Return 4/26 Does this dog take any medication or have any known medical issues, injuries, or allergies? If yes, please explain. noHow long have you had this dog? 4 daysThis dog is a... Adoption Return (This pet was adopted from this shelter.)What is the main reason you are bringing this dog back to the shelter? Health of the ownerPlease explain in your own words, why you need to return this dog today. I started to have allergic reactions after taking Colton home. I went to the doctor to get allergy test and it turns out I am allergic to dogs and cats.While in your care, did this dog live with children? The dog did not live with children, but has met children while with me.If this dog lived with or interacted with children, how old were the children? 3How would you describe this dog's behavior towards the children? Mostly FriendlyAre there any details about this dog interacting with children that you would like to share? greats with the childWhat other animals did this dog live with in your home? No other animalsIf this dog met or played with other dogs please describe their body language: Excited, JumpyHas this dog ever fought with another dog? If yes, please describe the incident. noHas this dog ever injured another dog? If yes, please describe the incident. noHow does this dog react when they see a prey animal (squirrel, mouse, bird) or cat outside? will react to it but keep pull the leash and he will stopHas this dog ever killed a prey animal or pet? If yes, please describe the incident. noIs there any other information you would like to share about this dog interacting with other animals? very playful with dogsWhere did this dog spend most of their time? BothDo you have a fenced yard? NoIf you do not have a fenced yard, do you: Walk the dog on a leashHow did you exercise this dog? went on walks and dog parkHow often did you exercise this dog? DailyWhat kind of collar did you use for this dog? Buckle collarHow was this dog on a leash? Some pulling, but manageable, Gets excited when they see other dogs, I was able to get control after the first dayHave you ever taken this dog to a training class? NoWhat commands does this dog know? sit,stay, relaxWhich behaviors does this dog need improvement on? walking on leash has gotten better but needs a little more improvementWhen the dog played did they typically... Jump, Bite lightlyHow long each day was this dog left alone inside your home? 8 hoursWhen left inside your home alone, was this dog... Able to roam freeWhen this dog was left alone did they show any of the following behaviors? None of theseIs this dog crate trained? Yes, for 4-8 hours.How often did this dog have potty accidents in the house? NeverHow often did this dog destroy things other than toys? NeverIf this dog destroys things, is it only when left alone? NoWhat does this dog do when a stranger/visitor comes into the house? greets them, stays calmWhat does this dog do when a stranger tries to pet them? brings them his toyWhat does this dog do when you or someone else goes near the food bowl while they are eating? nothingWhat does this dog do when someone tries to take away toys, bones, food, or anything the dog decides is valuable? he wants you to play with him, loves his toysWhat does this dog do when someone tells them to get off of furniture? gets offWhat is this dog's best quality? he loves his toysWhat is this dog's worst quality? nothing great dogCheck all that apply to this dog's personality: Friendly, Independent, Goofy, PlayfulIn your own words, describe this dog's personality. he loves to play with his toys, not really a cuddler, doesnt react to getting petted, only happy with his toysWhat is this dog afraid of? How do they react? thunder, will barkAll dogs have sensitive places. Where is this dog sensitive about being touched? Describe their reaction. Ears, he doesn't really reactHave you seen them act aggressively toward anyone? NoPlease tell us anything you would like us to know about this dog to help us find it an adoptive home. he will bark at little noises during the night in my apartmentWould you like to be notified if this animal is ever at risk for euthanasia? YesIf the animal is still here in 30 days, would you like us to check in with you? No

5/2/2025 COLTON – DFTD 4/28 Does this dog take any medication or have any known medical issues, injuries, or allergies? If yes, please explain. unknownHow long have you had this dog? 1 dayThis dog is a... Dog For The Day (I picked this pet up earlier today for an outing.)What activities did you do with this dog today? took to parkDid this dog have any interactions with the following? [Dogs ] No InteractionDid this dog have any interactions with the following? [Cats] No InteractionDid this dog have any interactions with the following? [Men ] Positive InteractionDid this dog have any interactions with the following? [Women ] Positive InteractionDid this dog have any interactions with the following? [Children ] No InteractionWhat was this dog's activity level? 2-Medium Energy (Alternates rest and play)How cuddly was this dog today? 3-Play first, then snuggle!How did this dog do on a leash? Some pulling, but manageableDid this dog know any commands? SitWhat is this dog's best quality, in your opinion? responsivenessWhat is this dog's worst quality, in your opinion? noneSelect any of these apply to the dog's personality: Friendly, Playful, Affectionate, PoliteDid this dog have an potty accidents? NoDid you see this dog act aggressively toward anyone? NoPlease tell us anything you would like us to know about this dog to help us find it an adoptive home. truly perfect dog. could not find any flaws. super responsive and could be easily trained although was already quite well behaved.Would you like to be notified if this animal is ever at risk for euthanasia? NoIf the animal is still here in 30 days, would you like us to check in with you? No

5/18/2025 COLTON – DFTD Timestamp 2025-05-15 19:30:50Does this dog take any medication or have any known medical issues, injuries, or allergies? If yes, please explain. NoHow long have you had this dog? 4 hoursThis dog is a... Dog For The Day (I picked this pet up earlier today for an outing.)What activities did you do with this dog today? We went on a walk, played in my apartments fenced in grass area, watched a bit of the 101 Dalmatians, went for a drive, bought some new toys, and got a pup cup!Did this dog have any interactions with the following? [Dogs ] No InteractionDid this dog have any interactions with the following? [Cats] No InteractionDid this dog have any interactions with the following? [Men ] No InteractionDid this dog have any interactions with the following? [Women ] Positive InteractionDid this dog have any interactions with the following? [Children ] No InteractionWhat was this dog's activity level? 2-Medium Energy (Alternates rest and play)How cuddly was this dog today? 2-I'm affectionate with friendsHow did this dog do on a leash? Some pulling, but manageableDid this dog know any commands? Sit, Down, Give PawWhat is this dog's best quality, in your opinion? He loves to play and is independent as well. He will play with you or go play in his own. He is also very affectionate at times. While in the car he rested his head on my shoulder most of the time.What is this dog's worst quality, in your opinion? N/A genuinely couldn’t find a flaw.Select any of these apply to the dog's personality: Friendly, Independent, Playful, Affectionate, Goofy, PoliteDid this dog have an potty accidents? NoDid you see this dog act aggressively toward anyone? NoPlease tell us anything you would like us to know about this dog to help us find it an adoptive home. He would probably enjoy a larger home or home with a backyard or nearby park. My townhome is very small so our ability to play was a little limited although he still made it work for him!Would you like to be notified if this animal is ever at risk for euthanasia? YesIf the animal is still here in 30 days, would you like us to check in with you? Yes

5/29/2025 Timestamp 2025-05-29 15:18:10Dog's name: ColtonDoes this dog take any medication or have any known medical issues, injuries, or allergies? If yes, please explain NoHow long have you had this dog? 1 weekThis dog is a Trial Adoption (I was fostering to see if I wanted to adopt.)Why are you bringing this dog back to the shelter today? Behavioral problemsPlease explain in your own words, why you need to return this dog Leash bitting and trying to run away. Had some aggressive issues.While in your care, did this dog live with children? NoHow would you describe this dog's behavior towards the children? Mostly FriendlyWhat other animals did this dog live with in your home? No other animalsIf this dog met or played with other dogs please describe their body language: Rough/needs mannersHas this dog ever fought with another dog? If yes, please describe the incident noHas this dog ever injured another dog? If yes, please describe the incident noHow does this dog react when they see a prey animal (squirrel, mouse, bird) or cat outside? yes and chase them!Has this dog ever killed a prey animal or pet? If yes, please describe the incident noIs there any other information you would like to share about this dog interacting with other animals? noWhere did this dog spend most of their time? BothDo you have a fenced yard? NoIf you do not have a fenced yard, do you: Walk the dog on a leashHow did you exercise this dog? NoHow often did you exercise this dog? Did not exerciseWhat kind of collar did you use for this dog? Buckle collarHow was this dog on a leash? Pulls very hardHave you ever taken this dog to a training class? NoWhen the dog played did they typically Jump, Growl, Bite hardHow long each day was this dog left alone inside your home? 2 hours maxWhen left inside your home alone, was this dog Confined to a roomWhen this dog was left alone did they show any of the following behaviors? Urinated/defecated, Barked, CriedIs this dog crate trained? Yes, for 4 hours or less.How often did this dog have potty accidents in the house? NeverHow often did this dog destroy things other than toys? NeverIf this dog destroys things, is it only when left alone? YesWhat items did this dog destroy? just not some things downWhat does this dog do when a stranger/visitor comes into the house? very nice and gentleWhat does this dog do when a stranger tries to pet them? very nice and gentleWhat does this dog do when you or someone else goes near the food bowl while they are eating? nothing his is very calmWhat does this dog do when someone tries to take away toys, bones, food, or anything the dog decides is valuable? get aggressive and tugs for them backWhat does this dog do when someone tells them to get off of furniture? very gentle and calm, and listenedWhat is this dog's best quality? very sweet calm, loving, gentle at timesWhat is this dog's worst quality? He wants to be free so while walking him. He leash bites and if you dont let it go he gets even more aggressive.Check all that apply to this dog's personality: Friendly, Goofy, Polite, Playful, AffectionateWhat is this dog afraid of? How do they react? did seem scared of anythingHave you seen them act aggressively toward anyone? NoWould you like to be notified if this animal is ever at risk for euthanasia? YesIf the animal is still here in 30 days, would you like us to check in with you? Yes",True
13,Adoption,Total Outcomes: 21,Total Unique Animals: 21,A0058263998,Rochelle,Dog,"Terrier, Pit Bull",2yrs,F,Yes,Adoption,Onsite,Hartman Lyndsey,LHartman,L1,Mix,No,,Other,,04/22/2025 06:26 PM,,,,,,43,1209933196647031,A0058263998,L1,L1,,-,S,941010003651106,4/10/2026,62,,Available,02 year(s) 08 month(s) 11 day(s),Dogs 081 A4,,,Strong puller,Lived with dogs,Positive interaction,Positive history with kids,Has done well in a crate.,Still working on it,,,4/8/2023,4/7/2025,"Merle White / Grey Terrier, Pit Bull / Mix",Loves toys,,,nan,"4/8/2025 easily handled while in intake and during exam

12/13/2025 Easily handled while in intake and during exam. ","12/14/2025 ROCHELLE (formerly “Cookie”) – Adoption Return Timestamp 2025-12-12 12:13:55Dog's name CookieDoes this dog take any medication or have any known medical issues, injuries, or allergies? If yes, please explain. NoHow long have you had this dog? 8 monthsWhat is the main reason you are bringing this dog back to the shelter? Moving and they already have 4 dogsPlease explain in your own words, why you need to return this dog today. I have 2 weeks left to move and am already bringing 3 dogs into a 4 dog household that needs to be seperated.While in your care, did this dog live with children? The dog did not live with children, but has met children while with me.If this dog lived with or interacted with children, how old were the children? 5How would you describe this dog's behavior towards the children? Jumps On ThemIf this dog has had issues with children that include behavior such as growling, snapping, or showing teeth, please describe the circumstance, tell us how often and give as much detail as possible. NoWhat other animals did this dog live with in your home? Small dog(s), Large dog(s), CatsIf other animals lived in the home, how well did this dog get along with them? She gets along with other animals but is very food aggressive and will hurt the others over food. Otherwise she is good.If this dog met or played with other dogs please describe their body language Rough/needs mannersHas this dog ever fought with another dog? If yes, please describe the incident. NoHas this dog ever injured another dog? If yes, please describe the incident. NoHow does this dog react when they see a prey animal (squirrel, mouse, bird) or cat outside? Wants to playHas this dog ever killed a prey animal or pet? If yes, please describe the incident. NoWhere did this dog spend most of their time? BothDo you have a fenced yard? YesHow did you exercise this dog? WalksHow often did you exercise this dog? 3-4 days a weekWhat kind of collar did you use for this dog? Buckle collarHow was this dog on a leash? Pulls very hard, Gets excited when they see other dogsHave you ever taken this dog to a training class? NoWhen the dog played did they typically... JumpHow long each day was this dog left alone inside your home? Always in a kennelWhen left inside your home alone, was this dog... CratedWhen this dog was left alone did they show any of the following behaviors? Barked, Cried, Tried to escape crateIs this dog crate trained? Yes, for 4-8 hours.How often did this dog have potty accidents in the house? Urinates and defecatesHow often did this dog destroy things other than toys? RarelyIf this dog destroys things, is it only when left alone? YesWhat does this dog do when a stranger/visitor comes into the house? Get excitedWhat does this dog do when a stranger tries to pet them? Enjoys itWhat does this dog do when you or someone else goes near the food bowl while they are eating? Humans are fine, will get snappy with aninalsWhat does this dog do when someone tries to take away toys, bones, food, or anything the dog decides is valuable? Will hold on to itWhat does this dog do when someone tells them to get off of furniture? Doesn’t listenWhat is this dog's best quality? CuddlingWhat is this dog's worst quality? Food aggrssionCheck all that apply to this dog's personality Friendly, Clingy, Playful, AffectionateIn your own words, describe this dog's personality. She is a lover who wants to be in bed with blankets and toys, loves playing with big dogs, but is very obsessed with food and treats.What is this dog afraid of? How do they react? Being left in the cageAll dogs have sensitive places. Where is this dog sensitive about being touched? Describe their reaction. She loves it allHave you seen them act aggressively toward anyone? NoWould you like to be notified if this animal is ever at risk for euthanasia? YesIf the animal is still here in 30 days, would you like us to check in with you? Yes",True
14,Adoption,Total Outcomes: 21,Total Unique Animals: 21,A0058294945,Samsung Galaxy S4-ADOPTED,Dog,"Mixed Breed, Medium (up to 44 lbs fully grown)",1yrs,F,Yes,Adoption,Onsite,Turner Kam'bray,KTurner,L1,Mix,No,,Other,,04/22/2025 06:26 PM,,,,,,43,1209969519132260,A0058294945,L1,L1,,-,S,941010003699622,4/14/2026,32,,Available,01 year(s) 00 month(s) 09 day(s),Dogs 068 A1,,,,,,,,,,,,4/12/2025," Red Mixed Breed, Medium (up to 44 lbs fully grown) / Mix",,,,nan,4/13/2025 easily handled,,True
15,Adoption,Total Outcomes: 21,Total Unique Animals: 21,A0058248349,Jimmy-ADOPTED,Dog,"Mixed Breed, Large (over 44 lbs fully grown)",2yrs,M,Yes,Adoption,Onsite,Turner Kam'bray,KTurner,L1,Mix,No,,Other,,04/22/2025 06:43 PM,,,,,,43,1209903614437728,A0058248349,L1,L1,,-,N,941010002343000,4/7/2026,41,,Available,01 year(s) 06 month(s) 16 day(s),Dogs 503 A6,https://bit.ly/Adopt_Jimmy,,,,,,,,,,10/6/2023,4/4/2025," White / Black Mixed Breed, Large (over 44 lbs fully grown) / Mix",,,,"nan

4/16/2025 Jimmy and Rowntree Jimmy was steerable, touched noses, jumped at Roundtree trying to initiate play. Ears forward and broad tail wag. Roundtree ultimately tried to mount Jimmy multiple times.Most like Dog Friendly, re-test after neuter. ",4/5/2025 easily handled,,True
16,Adoption,Total Outcomes: 21,Total Unique Animals: 21,A0057821625,MS. KNOW-ADOPTED,Dog,"Terrier, American Pit Bull",10mos,F,Yes,Adoption,Onsite,Shirra Jane,JShirra,L1,Mix,No,,Clayton County,,04/22/2025 01:36 PM,,,,,,43,1209361674570608,A0057821625,L1,L1,,-,S,941010002976105,2/17/2026,51,,Available,01 year(s) 00 month(s) 11 day(s),Dogs 306 A7,https://bit.ly/AdoptMsKnow,,Walks politely on leash,Has enjoyed interacting with other dogs,,Positive history with kids,Has done well in a crate.,Has done well in a home. ,Super cuddler,2-Medium energy,6/9/2024,2/9/2025," Grey Terrier, American Pit Bull / Mix",,,,,"2/10/2025 easily handled

6/17/2025 Easily handled","2/22/2025 Dog's name: Ms. KnowDoes this dog take any medication or have any known medical issues, injuries, or allergies? If yes, please explain yes for kennel coughHow long have you had this dog? a dayThis dog is a.. Weekend Warrior (I have had this pet for less than 3 nights as a Weekend Warrior)Did this dog have any interactions with the following while with you? [Dogs ] No InteractionDid this dog have any interactions with the following while with you? [Cats] No InteractionDid this dog have any interactions with the following while with you? [Men ] Positive InteractionDid this dog have any interactions with the following while with you? [Women ] Positive InteractionDid this dog have any interactions with the following while with you? [Children ] No InteractionHow was this dog on a leash while with you? Great on a leashDoes this dog know any commands? Which ones? sitIn your opinion, what is this dog's best quality? lovable and well behavedIn your opinion, what is this dog's worst quality? noneCheck all that apply to this dog's personality.. Friendly, Shy, Independent, Polite, Goofy, AffectionateIn your own words, describe this dog's personality while out of the shelter Low energy, calm, lovingDid this dog have an potty accidents while in your care? No- Likely potty trained. No accidents!What was this dog's activity level on a scale from 1-4? 1-Low energy (Couch potato)Which behaviors does this dog need improvement on, if any? JumpingHow cuddly is this dog? 4-Super snugglerWhen this dog played did they typically.. noneHow long was this dog left alone? The dog was not left aloneIf you left this dog alone, was it.. noneWhen this dog was left alone did they show any of the following behavior? noneHave you seen them act aggressively toward anyone while they wee in your care? NoWould you like to be notified if this animal is ever at risk for euthanasia? YesIf the animal is still here in 30 days, would you like us to check in with you? Yes

6/16/2025 Timestamp 2025-06-16 15:29:30Dog's name: Ms.Know but she now answers to MAMADoes this dog take any medication or have any known medical issues, injuries, or allergies? If yes, please explain Seasonal alergiesHow long have you had this dog? 3 minthsThis dog is a Adoption Return (This pet was adopted from this shelter.)What is the main reason you are bringing this dog back to the shelter? My apartments say she’s to bigPlease explain in your own words, why you need to return this dog today My Apartment is basically have a weight limit and they saw her and said she’s too big. I’ve trained her in a short period of time she sits on command and we made her a house dog. She’s never slept outside. I’m sad. I have to give her up. she’s a great dog.While in your care, did this dog live with children? YesIf this dog lived with or interacted with children, how old were the children? 8 and 9How would you describe this dog's behavior towards the children? Very friendly and patientAre there any details about this dog interacting with children that you would like to share? She loves Children. She was wonderful with my daughters.If this dog has had issues with children that include behavior such as growling, snapping, or showing teeth, please describe the circumstance, tell us how often and give as much detail as possible NoneWhat other animals did this dog live with in your home? No other animalsIf other animals lived in the home, how well did this dog get along with them? GreatIf this dog met or played with other dogs please describe their body language: Excited, ShyHas this dog ever fought with another dog? If yes, please describe the incident NoHas this dog ever injured another dog? If yes, please describe the incident NoHow does this dog react when they see a prey animal (squirrel, mouse, bird) or cat outside? Calm might bark but barelyHas this dog ever killed a prey animal or pet? If yes, please describe the incident NoIs there any other information you would like to share about this dog interacting with other animals? NoWhere did this dog spend most of their time? InsideDo you have a fenced yard? NoIf you do not have a fenced yard, do you: Walk the dog on a leashHow did you exercise this dog? Walks and runsHow often did you exercise this dog? DailyWhat kind of collar did you use for this dog? Buckle collarHow was this dog on a leash? Great on a leashHave you ever taken this dog to a training class? NoWhat commands does this dog know? Sit come lay be quietWhich behaviors does this dog need improvement on? Being so anxiousWhen the dog played did they typically JumpHow long each day was this dog left alone inside your home? 8 hrdWhen left inside your home alone, was this dog CratedWhen this dog was left alone did they show any of the following behaviors? None of theseIs this dog crate trained? Yes, for 4-8 hours.How often did this dog have potty accidents in the house? 1-2 times a weekHow often did this dog destroy things other than toys? RarelyIf this dog destroys things, is it only when left alone? NoWhat items did this dog destroy? Dog toysWhat does this dog do when a stranger/visitor comes into the house? BarkWhat does this dog do when a stranger tries to pet them? LayWhat does this dog do when you or someone else goes near the food bowl while they are eating? NonthingWhat does this dog do when someone tries to take away toys, bones, food, or anything the dog decides is valuable? BarkWhat does this dog do when someone tells them to get off of furniture? Get downWhat is this dog's best quality? She’s obedientWhat is this dog's worst quality? BarksCheck all that apply to this dog's personality: Friendly, Shy, Independent, Clingy, Goofy, Polite, Playful, AffectionateIn your own words, describe this dog's personality GreatWhat is this dog afraid of? How do they react? Baths she runAll dogs have sensitive places TailHave you seen them act aggressively toward anyone? NoWould you like to be notified if this animal is ever at risk for euthanasia? YesIf the animal is still here in 30 days, would you like us to check in with you? Yes",True
17,Adoption,Total Outcomes: 21,Total Unique Animals: 21,A0057950125,Buck-ADOPTED,Dog,"Mixed Breed, Large (over 44 lbs fully grown)",2yrs,M,Yes,Adoption,Onsite,Shirra Jane,JShirra,L1,Mix,No,,Fulton County,,04/22/2025 05:34 PM,,,,,,43,1209577076444912,A0057950125,L1,L1,,-,N,941010002293810,3/6/2026,55,,Available,02 year(s) 01 month(s) 18 day(s),Dogs 501 6,https://bit.ly/Adopt-Buck,,Walks politely on leash,Has enjoyed interacting with other dogs,,,,,Super cuddler,2-Medium energy,3/4/2023,3/3/2025," Black / White Mixed Breed, Large (over 44 lbs fully grown) / Mix","Loves fetch, Loves toys",,"3/6/2025 Buck was tested with Picaboo and Kettle Corn. He gave play bows in the pen and was steerable. He has a more awkward playstyle, would do best in a PP playgroup.",nan,3/4/2025 easily handled while in intake and during exam,"4/20/2025 Timestamp 2025-04-20 15:38:44Dog's name: BuckAnimal ID #: A0057950125Does this dog take any medication or have any known medical issues, injuries, or allergies? If yes, please explain. noHow long have you had this dog? 2 hoursThis dog is a... Dog For The Day (I picked this pet up earlier today for an outing.)What activities did you do with this dog today? Walk at the parkDid this dog have any interactions with the following? [Dogs ] No InteractionDid this dog have any interactions with the following? [Cats] No InteractionDid this dog have any interactions with the following? [Men ] Positive InteractionDid this dog have any interactions with the following? [Women ] Positive InteractionDid this dog have any interactions with the following? [Children ] No InteractionWhat was this dog's activity level? 2-Medium Energy (Alternates rest and play)How cuddly was this dog today? 4-Super snugglerHow did this dog do on a leash? Great on a leashDid this dog know any commands? SitWhat is this dog's best quality, in your opinion? Very very friendly, he was ready to have us pet him and assist him getting in the car right of the bat. He was super comfortable with both my boyfriend and I (female). He’s also very calm and extremely easy to walk.What is this dog's worst quality, in your opinion? Took lots of breaks on our walk, which isn’t a bad thing, just would not recommend for an active family.Select any of these apply to the dog's personality: Friendly, Playful, Affectionate, Goofy, PoliteDid this dog have an potty accidents? We were outside all day.Did you see this dog act aggressively toward anyone? NoPlease tell us anything you would like us to know about this dog to help us find it an adoptive home. I could see this dog with a family who is a little active but still wants a couch potato, or even an older person who is looking for a companion. He was SO good on the leash, zero pulling, very calm our entire time out. He let me help him in and out of the car, and was very chill the entire car ride. He would take little breaks here and there on our walk.Would you like to be notified if this animal is ever at risk for euthanasia? YesIf the animal is still here in 30 days, would you like us to check in with you? No",True
18,Return to Owner/Guardian,Total Outcomes: 4,Total Unique Animals: 4,A0058336539,Rover,Dog,Retriever,4yrs,M,Yes,Return to Owner/Guardian,Stray RTH,Jackson Timya,TJackson,L1,Mix,No,,Atlanta,,04/22/2025 08:06 PM,,,,,,43,1210029783187793,A0058336539,L1,L1,,-,N,982091069463662,4/22/2026,65,Owner Reclaiming,Microchip,04 year(s) 00 month(s) 04 day(s),Dogs 079 A3,,,,,,,,,,,4/18/2021,4/19/2025, Black Retriever / Mix,,,,,4/20/2025 easily handled in the kennel and during the intake exam. ,,True
19,Return to Owner/Guardian,Total Outcomes: 4,Total Unique Animals: 4,A0058335060,Blue,Dog,"Bulldog, French",4yrs,M,No,Return to Owner/Guardian,Confiscate RTH,Joseph Myles,MJoseph,L2-SF,Mix,No,,Atlanta,,04/22/2025 01:14 PM,,,,,,43,1210027048625791,A0058335060,L2,L2-SF,,-,M,941010003044104,,45,,Stray Wait,04 year(s) 00 month(s) 03 day(s),Dogs 602 C5,,,,,,,,,,,,4/18/2025," Black / Tan Bulldog, French / Mix",,,,,4/19/2025 nervous startles easily while in intake frozen whale eye still easily handled just nervous signs of stress/fear startles easily tense muscles frigid whale eye during exam,,True
20,Transfer Out,Total Outcomes: 14,Total Unique Animals: 14,A0057071989,Cona - adopted!,Dog,"Bulldog, American",4yrs,F,Yes,Transfer Out,Non-Coalition Partner,BEARD ERICA,ebeard,L1,Mix,No,,Other,Fair,04/22/2025 10:49 AM,,,,,,43,1208546898796195,A0057071989,L1,L1,,-,S,941010002402044,10/24/2025,74,,Available,03 year(s) 06 month(s) 08 day(s),Puppy 48 2,,,Pulls some but manageable,Lived with dogs,,Positive history with kids,Has done well in a crate.,Still working on it,,2-Medium energy,10/14/2021,10/14/2024," Grey / White Bulldog, American / Mix",,,,,"10/14/2024 easily handled in the kennel and during the intake exam. 

4/17/2025 Easily handled in intake and exam.","4/16/2025 Timestamp 2025-04-16 11:53:32Dog's name: conaAnimal ID #: A0057071989Does this dog take any medication or have any known medical issues, injuries, or allergies? If yes, please explain. noHow long have you had this dog? 7 or 8 monthsThis dog is a... Adoption Return (This pet was adopted from this shelter.)What is the main reason you are bringing this dog back to the shelter? Can't have pets where im moving toPlease explain in your own words, why you need to return this dog today. time has ran out have to be out by 12 tonightWhile in your care, did this dog live with children? YesIf this dog lived with or interacted with children, how old were the children? 11How would you describe this dog's behavior towards the children? Mostly FriendlyAre there any details about this dog interacting with children that you would like to share? noIf this dog has had issues with children that include behavior such as growling, snapping, or showing teeth, please describe the circumstance, tell us how often and give as much detail as possible. noWhat other animals did this dog live with in your home? Large dog(s)If other animals lived in the home, how well did this dog get along with them? pretty goodIf this dog met or played with other dogs please describe their body language: ExcitedHas this dog ever fought with another dog? If yes, please describe the incident. noHas this dog ever injured another dog? If yes, please describe the incident. noHow does this dog react when they see a prey animal (squirrel, mouse, bird) or cat outside? barkHas this dog ever killed a prey animal or pet? If yes, please describe the incident. noIs there any other information you would like to share about this dog interacting with other animals? noWhere did this dog spend most of their time? InsideDo you have a fenced yard? NoIf you do not have a fenced yard, do you: Have a tie-out or runnerHow did you exercise this dog? walkingHow often did you exercise this dog? 3-4 days a weekWhat kind of collar did you use for this dog? Buckle collarHow was this dog on a leash? Some pulling, but manageableHave you ever taken this dog to a training class? NoWhat commands does this dog know? go to bed stop and noWhich behaviors does this dog need improvement on? no eWhen the dog played did they typically... JumpHow long each day was this dog left alone inside your home? 2When left inside your home alone, was this dog... CratedWhen this dog was left alone did they show any of the following behaviors? CriedIs this dog crate trained? Yes, for 4-8 hours.How often did this dog have potty accidents in the house? 1-2 times a weekHow often did this dog destroy things other than toys? RarelyIf this dog destroys things, is it only when left alone? YesWhat items did this dog destroy? dog toysWhat does this dog do when a stranger/visitor comes into the house? barkWhat does this dog do when a stranger tries to pet them? move backWhat does this dog do when you or someone else goes near the food bowl while they are eating? nothingWhat does this dog do when someone tries to take away toys, bones, food, or anything the dog decides is valuable? nothingWhat does this dog do when someone tells them to get off of furniture? nothingWhat is this dog's best quality? loves hugsWhat is this dog's worst quality? noneCheck all that apply to this dog's personality: Friendly, Independent, PlayfulIn your own words, describe this dog's personality. calmWhat is this dog afraid of? How do they react? loud noises barkAll dogs have sensitive places. Where is this dog sensitive about being touched? Describe their reaction. haven't found itHave you seen them act aggressively toward anyone? NoWould you like to be notified if this animal is ever at risk for euthanasia? YesIf the animal is still here in 30 days, would you like us to check in with you? Yes",True
21,Transfer Out,Total Outcomes: 14,Total Unique Animals: 14,A0057071993,Sahara - adopted!,Dog,"Bulldog, American",2yrs,F,Yes,Transfer Out,Non-Coalition Partner,BEARD ERICA,ebeard,L1,Mix,No,,Other,Fair,04/22/2025 10:49 AM,,,,,,43,1208546689812268,A0057071993,L1,L1,,-,S,941010002456821,10/24/2025,54,,Available,02 year(s) 06 month(s) 08 day(s),Puppy 48 2,,,Walks politely on leash,Lived with dogs,,,Has done well in a crate.,Has done well in a home. ,,,10/14/2022,10/14/2024," Brown Bulldog, American / Mix",,,,,"10/14/2024 easily handled in the kennel and during the intake exam. 

4/17/2025 Easily handled in intake and exam.","4/16/2025 Timestamp 2025-04-16 12:04:35Dog's name: SaharraAnimal ID #: A0057071989Does this dog take any medication or have any known medical issues, injuries, or allergies? If yes, please explain. noHow long have you had this dog? 4This dog is a... Owner Surrender (This pet has never been to this shelter before)Where did you get this dog? Adopted from a rescue/shelter.How old is this dog? 2How old was this dog when you got them? 5 monthsWhy do you need to surrender this dog? Family issuesPlease explain in your own words, why you need to surrender this dog today? can't have where we liveWhile in your care, did this dog live with children? YesIf this dog lived with or interacted with children, how old were the children? differentHow would you describe this dog's behavior towards the children? Mostly FriendlyAre there any details about this dog interacting with children that you would like to share? YesIf this dog has had issues with children that include behavior such as growling, snapping, or showing teeth, please describe the circumstance, tell us how often and give as much detail as possible. noWhat other animals did this dog live with in your home? Small dog(s)If other animals lived in the home, how well did this dog get along with them? yesIf this dog met or played with other dogs please describe their body language: ExcitedHas this dog ever fought with another dog? If yes, please describe the incident. noHas this dog ever injured another dog? If yes, please describe the incident. noHow does this dog react when they see a prey animal (squirrel, mouse, bird) or cat outside? noHas this dog ever killed a prey animal or pet? If yes, please describe the incident. noIs there any other information you would like to share about this dog interacting with other animals? yesWhere did this dog spend most of their time? BothDo you have a fenced yard? NoIf you do not have a fenced yard, do you: Have a tie-out or runnerHow did you exercise this dog? yesHow often did you exercise this dog? DailyWhat kind of collar did you use for this dog? Buckle collarHow was this dog on a leash? Great on a leashHave you ever taken this dog to a training class? YesWhat commands does this dog know? AllWhich behaviors does this dog need improvement on? nothingWhen the dog played did they typically... JumpHow long each day was this dog left alone inside your home? not longWhen left inside your home alone, was this dog... CratedWhen this dog was left alone did they show any of the following behaviors? None of theseIs this dog crate trained? Yes, for more than 8 hours.How often did this dog have potty accidents in the house? NeverHow often did this dog destroy things other than toys? NeverIf this dog destroys things, is it only when left alone? NoWhat items did this dog destroy? nothingWhat does this dog do when a stranger/visitor comes into the house? barkWhat does this dog do when a stranger tries to pet them? noWhat does this dog do when you or someone else goes near the food bowl while they are eating? noWhat does this dog do when someone tries to take away toys, bones, food, or anything the dog decides is valuable? yesWhat does this dog do when someone tells them to get off of furniture? YesWhat is this dog's best quality? loves belly rubsWhat is this dog's worst quality? being aloneCheck all that apply to this dog's personality: FriendlyIn your own words, describe this dog's personality. very friendlyWhat is this dog afraid of? How do they react? nothingAll dogs have sensitive places. Where is this dog sensitive about being touched? Describe their reaction. noHave you seen them act aggressively toward anyone? NoPlease tell us anything you would like us to know about this dog to help us find it an adoptive home. very friendly andWould you like to be notified if this animal is ever at risk for euthanasia? NoIf the animal is still here in 30 days, would you like us to check in with you? No",True
22,Transfer Out,Total Outcomes: 14,Total Unique Animals: 14,A0058268357,Raymond Rocket - adopted!,Dog,Beagle,9mos,M,Yes,Transfer Out,Non-Coalition Partner,BEARD ERICA,ebeard,L1,Mix,No,,Other,Fair,04/22/2025 10:48 AM,,,,,,43,1209933134896023,A0058268357,L1,L1,,-,N,941010003688990,4/15/2026,40,,Available,00 year(s) 09 month(s) 13 day(s),Dogs 506 B7,,,,,,,,,,,,4/8/2025, White / Black Beagle / Mix,,,,,4/9/2025 Easily handled both in the kennel and during the exam.,,True
23,Transfer Out,Total Outcomes: 14,Total Unique Animals: 14,A0058324958,Brandy - adopted!,Dog,"Mixed Breed, Small (under 24 lbs fully grown)",3yrs,F,Yes,Transfer Out,Non-Coalition Partner,Losito Aubry,ALosito,L1,Mix,No,,Other,Breed Specific Rescue,04/22/2025 10:48 AM,,,,,,43,1210018953374775,A0058324958,L1,L1,,+,S,941010003726938,4/21/2026,40,Rescue Pending,Stray Wait,03 year(s) 00 month(s) 04 day(s),Dogs 068 C1,,,,,,,,,,,,4/17/2025," White / Brown Mixed Breed, Small (under 24 lbs fully grown) / Mix",,,,,4/18/2025 easily handled while in intake and during exam,,True
24,Transfer Out,Total Outcomes: 14,Total Unique Animals: 14,A0053627051,AMIRA - adopted!,Dog,"Terrier, Pit Bull",4yrs,F,Yes,Transfer Out,Coalition Partner,Losito Aubry,ALosito,L1,Mix,No,,Atlanta,Out of Space,04/22/2025 03:11 PM,,,,,,43,1210032363826409,A0053627051,L1,L1,,-,S,982091070300474,,64,,Available,04 year(s) 06 month(s) 01 day(s),Dog Pre/Post Op 135 6,,,,,,,,,,,10/11/2020,4/20/2025," Brown / White Terrier, Pit Bull / Mix",,,,,4/21/2025 Easily handled in intake and in exam.,,True
25,Transfer Out,Total Outcomes: 14,Total Unique Animals: 14,A0058249733,Cheetah - adopted!,Dog,German Shepherd,9yrs,F,No,Transfer Out,Non-Coalition Partner,Losito Aubry,ALosito,L1,Mix,No,,Other,Condition Major,04/22/2025 10:47 AM,,,,,,43,1209903612546072,A0058249733,L1,L1,,+,F,941010003997784,4/8/2026,66,Rescue Only,Available,09 year(s) 00 month(s) 17 day(s),Dogs 301 2,https://bit.ly/Adopt_Cheetah,,,,,,,,,,4/5/2016,4/4/2025, Tan / Black German Shepherd / Mix,,,,,4/5/2025 easily handled,,True
