"Active Fosters","",""
"","",""
"Animal #","FosterReason","Start Date"
"A0053300757","Lack of Space","8/14/2025 06:04 PM"
"A0053303591","Lack of Space","6/25/2025 04:35 PM"
"A0053312831","Lack of Space","7/23/2025 02:59 PM"
"A0053591163","Lack of Space","7/15/2025 04:53 PM"
"A0053595877","Lack of Space","8/16/2024 03:34 PM"
"A0053596658","Lack of Space","6/25/2025 01:28 PM"
"A0053600249","Trial Adoption","9/5/2025 09:00 PM"
"A0053600299","Lack of Space","7/18/2025 11:44 AM"
"A0053601345","Lack of Space","8/14/2025 06:48 PM"
"A0053603468","Lack of Space","10/7/2024 02:30 PM"
"A0053604168","Behavior","1/29/2024 12:15 PM"
"A0053611747","Lack of Space","6/28/2023 02:30 PM"
"A0053612126","Pet Sitting","9/18/2025 02:52 PM"
"A0053613541","Lack of Space","9/21/2025 01:42 PM"
"A0053615028","Medical","9/14/2025 04:29 PM"
"A0053616951","Trial Adoption","9/28/2025 06:13 PM"
"A0053617955","Lack of Space","5/31/2025 11:11 AM"
"A0053618690","Lack of Space","4/16/2025 06:15 PM"
"A0053618691","Lack of Space","8/16/2025 12:34 PM"
"A0053621296","Lack of Space","5/19/2023 12:31 PM"
"A0053623474","Lack of Space","7/27/2025 06:02 PM"
"A0053623485","Lack of Space","8/7/2025 04:54 PM"
"A0053626387","Behavior","2/5/2024 03:00 PM"
"A0053626727","Weekend Warrior","8/14/2025 11:55 PM"
"A0053630131","Lack of Space","9/5/2025 12:33 PM"
"A0053632065","Lack of Space","5/6/2023 01:58 PM"
"A0053632972","Lack of Space","9/9/2023 02:58 PM"
"A0053633913","Lack of Space","3/17/2025 12:15 PM"
"A0053633954","Lack of Space","9/21/2025 04:18 PM"
"A0053635437","Lack of Space","2/15/2025 03:19 PM"
"A0053636779","Lack of Space","1/25/2024 03:47 PM"
"A0053637006","Lack of Space","10/1/2024 06:46 PM"
"A0053637026","Court","6/20/2023 06:44 PM"
"A0053848363","Lack of Space","2/7/2025 02:45 PM"
"A0053911720","Lack of Space","8/8/2025 05:43 PM"
"A0054123479","Lack of Space","9/13/2023 04:29 PM"
"A0054159016","Lack of Space","9/19/2023 12:48 PM"
"A0054577049","Behavior","3/19/2024 07:28 PM"
"A0054649638","Lack of Space","7/15/2025 08:28 PM"
"A0054667066","Behavior","3/23/2024 12:36 PM"
"A0054765121","Lack of Space","9/8/2025 04:42 PM"
"A0054884374","Court","4/27/2024 11:53 AM"
"A0055025441","Lack of Space","3/30/2025 02:28 PM"
"A0055028046","Lack of Space","2/24/2024 03:57 PM"
"A0055062948","Behavior","6/29/2024 11:11 AM"
"A0055110303","Lack of Space","2/14/2024 09:59 AM"
"A0055111834","Lack of Space","8/19/2025 03:12 PM"
"A0055135794","Lack of Space","3/14/2025 09:03 AM"
"A0055170623","Behavior","4/9/2024 07:29 PM"
"A0055265231","Lack of Space","9/6/2024 12:06 PM"
"A0055454653","Lack of Space","3/19/2024 07:13 PM"
"A0055529436","Trial Adoption","8/31/2025 11:28 AM"
"A0055612570","Behavior","12/3/2024 06:53 PM"
"A0055649438","Lack of Space","6/29/2025 05:53 PM"
"A0055675268","Lack of Space","2/25/2025 05:19 PM"
"A0055697269","Lack of Space","4/11/2024 04:57 PM"
"A0055697364","Lack of Space","8/19/2025 09:12 PM"
"A0055785509","Lack of Space","8/8/2024 11:00 PM"
"A0055789122","Trial Adoption","9/13/2025 12:16 PM"
"A0055806684","Lack of Space","8/17/2025 05:30 PM"
"A0055857982","Lack of Space","8/27/2024 04:44 PM"
"A0055905913","Behavior","11/14/2024 12:52 PM"
"A0055923266","Lack of Space","5/31/2025 10:13 AM"
"A0055941918","Lack of Space","10/1/2024 06:07 PM"
"A0055952142","Behavior","7/3/2024 03:16 PM"
"A0055954982","Behavior","9/3/2024 10:16 AM"
"A0055971280","Behavior","9/27/2024 11:11 AM"
"A0056025635","Lack of Space","9/7/2025 04:42 PM"
"A0056032086","Lack of Space","7/31/2024 03:42 PM"
"A0056096120","Lack of Space","3/24/2025 05:12 PM"
"A0056223206","Lack of Space","11/5/2024 11:28 AM"
"A0056261713","Behavior","9/3/2024 03:33 PM"
"A0056311137","Court","4/24/2025 01:34 PM"
"A0056329160","Lack of Space","2/11/2025 07:18 PM"
"A0056354164","Lack of Space","8/18/2024 02:45 PM"
"A0056378001","Lack of Space","11/19/2024 03:33 PM"
"A0056388664","Lack of Space","8/28/2025 08:22 PM"
"A0056408698","Lack of Space","12/27/2024 04:54 PM"
"A0056417577","Trial Adoption","9/12/2025 11:36 AM"
"A0056432711","Behavior","12/5/2024 10:07 AM"
"A0056500648","Lack of Space","12/9/2024 08:54 AM"
"A0056503718","Behavior","10/29/2024 08:12 PM"
"A0056507497","Lack of Space","9/28/2024 11:02 AM"
"A0056520035","Lack of Space","1/13/2025 07:00 PM"
"A0056525090","Pregnant/Nursing w/Mom","9/27/2024 12:02 PM"
"A0056545695","Lack of Space","5/25/2025 03:07 PM"
"A0056551335","Lack of Space","8/28/2025 08:10 PM"
"A0056598333","Lack of Space","8/23/2024 06:03 PM"
"A0056628457","Lack of Space","8/28/2025 08:36 PM"
"A0056629500","Lack of Space","11/16/2024 05:10 PM"
"A0056647661","Lack of Space","10/15/2024 06:16 PM"
"A0056673936","Lack of Space","11/8/2024 01:35 PM"
"A0056676632","Lack of Space","1/3/2025 06:02 PM"
"A0056689698","Lack of Space","9/27/2024 06:49 AM"
"A0056853475","Lack of Space","9/26/2024 06:59 PM"
"A0056927704","Lack of Space","11/27/2024 11:43 AM"
"A0056932246","Lack of Space","10/28/2024 07:38 PM"
"A0056934062","Lack of Space","4/19/2025 10:47 AM"
"A0056944879","Lack of Space","1/4/2025 04:50 PM"
"A0056989366","Behavior","10/24/2024 04:02 PM"
"A0056996026","Pet Sitting","9/12/2025 01:27 PM"
"A0057005310","Lack of Space","12/4/2024 07:14 PM"
"A0057025902","Lack of Space","6/25/2025 12:36 PM"
"A0057051256","Lack of Space","6/5/2025 04:04 PM"
"A0057053942","Lack of Space","10/20/2024 02:04 PM"
"A0057054603","Lack of Space","1/9/2025 12:45 PM"
"A0057066775","Lack of Space","3/21/2025 01:59 PM"
"A0057072729","Behavior","3/20/2025 06:49 PM"
"A0057075321","Lack of Space","12/7/2024 10:36 AM"
"A0057081101","Lack of Space","11/21/2024 07:23 PM"
"A0057103153","Trial Adoption","9/27/2025 12:22 PM"
"A0057120707","Trial Adoption","8/31/2025 05:34 PM"
"A0057161815","Lack of Space","2/17/2025 06:56 PM"
"A0057165859","Lack of Space","6/26/2025 06:59 PM"
"A0057165881","Trial Adoption","3/11/2025 05:53 PM"
"A0057165899","Lack of Space","12/22/2024 05:52 PM"
"A0057177276","Lack of Space","8/17/2025 11:59 PM"
"A0057224582","Trial Adoption","9/14/2025 01:44 PM"
"A0057243693","Lack of Space","1/19/2025 12:04 PM"
"A0057252718","Lack of Space","2/25/2025 08:04 PM"
"A0057256931","Lack of Space","2/7/2025 02:40 PM"
"A0057257626","Lack of Space","8/18/2025 12:22 AM"
"A0057261594","Pet Sitting","4/25/2025 08:28 PM"
"A0057261805","Lack of Space","3/25/2025 02:13 PM"
"A0057301164","Lack of Space","8/8/2025 05:55 PM"
"A0057303592","Lack of Space","5/1/2025 06:57 PM"
"A0057311730","Lack of Space","7/29/2025 04:33 PM"
"A0057321831","Pregnant/Nursing w/Mom","12/10/2024 10:49 AM"
"A0057331299","Lack of Space","5/14/2025 05:02 PM"
"A0057353143","Lack of Space","9/16/2025 01:47 PM"
"A0057361999","Lack of Space","8/19/2025 09:14 PM"
"A0057411243","Trial Adoption","8/31/2025 01:33 PM"
"A0057425727","Lack of Space","5/23/2025 07:31 PM"
"A0057439713","Pet Sitting","2/14/2025 11:20 AM"
"A0057441089","Socialization","1/23/2025 11:17 AM"
"A0057455043","Lack of Space","9/15/2025 07:04 PM"
"A0057471755","Lack of Space","5/29/2025 04:43 PM"
"A0057478759","Lack of Space","3/14/2025 07:41 PM"
"A0057489230","Lack of Space","2/7/2025 07:12 PM"
"A0057500056","Lack of Space","5/1/2025 06:07 PM"
"A0057500992","Lack of Space","1/26/2025 05:27 PM"
"A0057510470","Behavior","1/24/2025 06:14 PM"
"A0057512818","Pet Sitting","5/25/2025 05:30 PM"
"A0057572441","Lack of Space","8/26/2025 05:21 PM"
"A0057597695","Trial Adoption","9/15/2025 02:20 PM"
"A0057609567","Behavior","2/19/2025 02:29 PM"
"A0057614005","Lack of Space","2/11/2025 02:12 PM"
"A0057639779","Lack of Space","5/6/2025 02:52 PM"
"A0057639835","Behavior","5/25/2025 05:06 PM"
"A0057656410","Pet Sitting","8/2/2025 04:31 PM"
"A0057663603","Lack of Space","3/16/2025 05:39 PM"
"A0057673945","Lack of Space","5/29/2025 05:27 PM"
"A0057747654","Lack of Space","4/3/2025 05:58 PM"
"A0057749805","Lack of Space","4/25/2025 04:12 PM"
"A0057774743","Lack of Space","3/4/2025 12:05 PM"
"A0057782104","Lack of Space","2/13/2025 01:17 PM"
"A0057801258","Lack of Space","9/25/2025 02:44 PM"
"A0057809416","Lack of Space","2/18/2025 03:54 PM"
"A0057813433","Lack of Space","7/22/2025 06:35 PM"
"A0057820720","Lack of Space","4/29/2025 03:21 PM"
"A0057821053","Lack of Space","7/30/2025 07:03 PM"
"A0057824667","Lack of Space","7/7/2025 10:49 PM"
"A0057867271","Lack of Space","3/7/2025 07:15 PM"
"A0057885171","Lack of Space","4/23/2025 01:32 PM"
"A0057901651","Lack of Space","9/21/2025 02:51 PM"
"A0057910867","Lack of Space","6/12/2025 07:04 PM"
"A0057918810","Behavior","5/16/2025 08:45 PM"
"A0057938358","Lack of Space","6/3/2025 03:35 PM"
"A0057942396","Lack of Space","5/28/2025 07:04 PM"
"A0057945065","Lack of Space","6/3/2025 04:19 PM"
"A0057949234","Court","8/19/2025 04:14 PM"
"A0057949256","Court","8/19/2025 04:14 PM"
"A0057949290","Court","6/15/2025 03:23 PM"
"A0057949305","Court","5/27/2025 05:20 PM"
"A0057949322","Court","9/15/2025 05:05 PM"
"A0057949341","Court","4/22/2025 06:56 PM"
"A0057949359","Court","4/30/2025 12:19 PM"
"A0057949368","Court","5/31/2025 04:44 PM"
"A0057969563","Weekend Warrior","9/11/2025 04:01 PM"
"A0057969626","Lack of Space","8/6/2025 02:42 PM"
"A0057985936","Lack of Space","4/11/2025 05:55 PM"
"A0057985953","Lack of Space","7/30/2025 02:21 PM"
"A0057999103","Lack of Space","3/30/2025 04:08 PM"
"A0058000573","Behavior","4/24/2025 06:42 PM"
"A0058006328","Lack of Space","6/6/2025 07:02 PM"
"A0058006377","Lack of Space","4/11/2025 06:39 PM"
"A0058025499","Lack of Space","6/21/2025 02:13 PM"
"A0058036198","Trial Adoption","9/17/2025 03:45 PM"
"A0058038278","Lack of Space","5/30/2025 09:47 AM"
"A0058042308","Lack of Space","5/28/2025 11:48 AM"
"A0058069584","Lack of Space","5/18/2025 05:36 PM"
"A0058069967","Lack of Space","8/10/2025 12:57 PM"
"A0058070653","Lack of Space","4/11/2025 01:46 PM"
"A0058099467","Lack of Space","9/24/2025 02:47 PM"
"A0058100843","Lack of Space","7/17/2025 03:56 PM"
"A0058104749","Lack of Space","7/16/2025 11:30 AM"
"A0058214995","Lack of Space","6/14/2025 01:48 PM"
"A0058215215","Lack of Space","6/13/2025 02:38 PM"
"A0058231619","Lack of Space","9/14/2025 04:33 PM"
"A0058240878","Lack of Space","5/14/2025 02:22 PM"
"A0058252924","Lack of Space","7/8/2025 06:56 PM"
"A0058262189","Trial Adoption","8/24/2025 02:56 PM"
"A0058262254","Lack of Space","6/23/2025 03:30 PM"
"A0058272077","Lack of Space","6/26/2025 09:08 PM"
"A0058279105","Friendly Finder","4/9/2025 06:49 PM"
"A0058279327","Lack of Space","4/19/2025 01:20 PM"
"A0058308340","Lack of Space","7/17/2025 12:17 PM"
"A0058313508","Lack of Space","5/22/2025 06:35 PM"
"A0058316435","Lack of Space","6/26/2025 06:41 PM"
"A0058324717","Too Young","4/17/2025 03:49 PM"
"A0058328118","Lack of Space","7/21/2025 09:16 AM"
"A0058328283","Trial Adoption","9/17/2025 05:23 PM"
"A0058338338","Lack of Space","5/30/2025 02:41 PM"
"A0058340859","Lack of Space","7/24/2025 08:10 PM"
"A0058344455","Lack of Space","6/18/2025 05:53 PM"
"A0058345198","Pregnant/Nursing w/Mom","5/22/2025 05:06 PM"
"A0058352934","Trial Adoption","9/7/2025 03:05 PM"
"A0058360897","Lack of Space","4/29/2025 07:15 PM"
"A0058364488","Lack of Space","7/22/2025 05:34 PM"
"A0058371891","Lack of Space","9/18/2025 07:57 PM"
"A0058375747","Pet Sitting","8/12/2025 02:24 PM"
"A0058385779","Lack of Space","7/12/2025 12:24 PM"
"A0058398208","Lack of Space","5/23/2025 12:58 PM"
"A0058401342","Friendly Finder","4/29/2025 06:21 PM"
"A0058405761","Too Young","4/30/2025 02:26 PM"
"A0058412684","Lack of Space","7/30/2025 06:17 PM"
"A0058416589","Lack of Space","5/18/2025 01:42 PM"
"A0058428732","Lack of Space","8/23/2025 12:33 PM"
"A0058431411","Too Young","5/4/2025 06:13 PM"
"A0058436120","Lack of Space","6/11/2025 04:48 PM"
"A0058440349","Medical","5/19/2025 12:39 PM"
"A0058446236","Trial Adoption","9/8/2025 04:17 PM"
"A0058455126","Lack of Space","9/20/2025 11:35 AM"
"A0058463186","Lack of Space","8/25/2025 03:25 PM"
"A0058463804","Medical","7/12/2025 12:20 PM"
"A0058479830","Lack of Space","9/19/2025 11:47 AM"
"A0058481949","Trial Adoption","8/29/2025 12:52 PM"
"A0058483232","Lack of Space","6/26/2025 07:55 PM"
"A0058491085","Lack of Space","7/31/2025 02:48 PM"
"A0058492824","Lack of Space","9/8/2025 03:51 PM"
"A0058503229","Too Young","5/15/2025 11:34 AM"
"A0058504117","Lack of Space","8/1/2025 11:57 AM"
"A0058504121","Lack of Space","9/6/2025 03:58 PM"
"A0058515382","Lack of Space","5/28/2025 11:45 AM"
"A0058520937","Lack of Space","5/29/2025 04:24 PM"
"A0058523873","Trial Adoption","8/16/2025 01:19 PM"
"A0058528237","Lack of Space","6/14/2025 12:05 PM"
"A0058531150","Too Young","5/21/2025 11:29 AM"
"A0058531473","Too Young","5/21/2025 11:29 AM"
"A0058532519","Lack of Space","8/21/2025 05:12 PM"
"A0058536166","Lack of Space","7/30/2025 03:58 PM"
"A0058548468","Lack of Space","9/25/2025 11:16 AM"
"A0058560639","Trial Adoption","9/19/2025 01:36 PM"
"A0058570960","Lack of Space","8/15/2025 05:19 PM"
"A0058572289","Trial Adoption","8/25/2025 07:07 PM"
"A0058574390","Lack of Space","9/20/2025 11:37 AM"
"A0058575776","Lack of Space","6/7/2025 03:04 PM"
"A0058576129","Lack of Space","9/25/2025 01:59 PM"
"A0058579660","Court","9/24/2025 02:10 PM"
"A0058579697","Court","6/6/2025 05:10 PM"
"A0058579871","Lack of Space","8/14/2025 07:46 PM"
"A0058588407","Lack of Space","8/7/2025 04:06 PM"
"A0058602321","Lack of Space","6/8/2025 03:14 PM"
"A0058607230","Lack of Space","7/17/2025 11:20 PM"
"A0058607804","Lack of Space","7/31/2025 08:27 PM"
"A0058609148","Lack of Space","7/3/2025 07:29 PM"
"A0058612311","Trial Adoption","8/24/2025 12:22 PM"
"A0058613596","Lack of Space","9/19/2025 03:28 PM"
"A0058615060","Lack of Space","6/9/2025 11:42 AM"
"A0058616717","Lack of Space","7/24/2025 07:30 PM"
"A0058619294","Lack of Space","9/5/2025 11:30 AM"
"A0058625088","Lack of Space","7/3/2025 09:04 AM"
"A0058626477","Trial Adoption","9/6/2025 01:24 PM"
"A0058629547","Lack of Space","9/4/2025 08:07 PM"
"A0058630343","Too Young","6/5/2025 01:20 PM"
"A0058634818","Too Young","6/3/2025 06:43 PM"
"A0058635759","Lack of Space","7/31/2025 08:49 PM"
"A0058637692","Lack of Space","6/9/2025 05:25 PM"
"A0058638071","Lack of Space","8/14/2025 11:25 AM"
"A0058638515","Lack of Space","6/12/2025 12:17 PM"
"A0058639600","Too Young","6/5/2025 01:20 PM"
"A0058648841","Lack of Space","7/31/2025 03:18 PM"
"A0058652764","Lack of Space","8/14/2025 08:41 PM"
"A0058655383","Lack of Space","8/22/2025 05:58 PM"
"A0058655608","Friendly Finder","6/6/2025 12:42 PM"
"A0058658572","Lack of Space","8/28/2025 03:22 PM"
"A0058659823","Lack of Space","8/15/2025 12:02 PM"
"A0058663424","Socialization","8/24/2025 02:00 PM"
"A0058663440","Socialization","8/24/2025 02:00 PM"
"A0058663456","Socialization","8/24/2025 02:00 PM"
"A0058666623","Lack of Space","8/14/2025 08:29 PM"
"A0058668136","Weekend Warrior","9/27/2025 04:55 PM"
"A0058673772","Lack of Space","7/23/2025 03:28 PM"
"A0058679072","Lack of Space","7/24/2025 07:53 PM"
"A0058686635","Trial Adoption","9/5/2025 06:28 PM"
"A0058689760","Too Young","8/4/2025 03:26 PM"
"A0058695811","Pregnant/Nursing w/Mom","6/28/2025 11:16 AM"
"A0058695874","Pregnant/Nursing w/Mom","6/28/2025 11:30 AM"
"A0058695924","Pregnant/Nursing w/Mom","6/28/2025 11:30 AM"
"A0058695966","Pregnant/Nursing w/Mom","6/28/2025 11:30 AM"
"A0058696422","Too Young","6/23/2025 06:56 PM"
"A0058696448","Too Young","6/23/2025 06:25 PM"
"A0058696461","Too Young","6/23/2025 06:25 PM"
"A0058700164","Court","9/13/2025 02:06 PM"
"A0058700175","Court","7/26/2025 04:07 PM"
"A0058700182","Court","7/26/2025 04:19 PM"
"A0058700202","Court","9/26/2025 08:19 PM"
"A0058706791","Lack of Space","7/23/2025 07:16 PM"
"A0058711155","Too Young","6/20/2025 03:19 PM"
"A0058716516","Court","7/26/2025 04:17 PM"
"A0058722860","Too Young","6/17/2025 02:07 PM"
"A0058722872","Too Young","6/17/2025 02:07 PM"
"A0058722879","Too Young","6/17/2025 02:07 PM"
"A0058722888","Too Young","6/17/2025 02:07 PM"
"A0058722894","Too Young","6/17/2025 02:07 PM"
"A0058728393","Lack of Space","8/26/2025 02:29 PM"
"A0058728472","Lack of Space","6/25/2025 07:10 PM"
"A0058730013","Medical","6/18/2025 03:10 PM"
"A0058732049","Lack of Space","9/16/2025 06:00 PM"
"A0058734729","Lack of Space","9/6/2025 04:06 PM"
"A0058735374","Lack of Space","9/12/2025 02:34 PM"
"A0058740012","Too Young","6/20/2025 03:01 PM"
"A0058743820","Lack of Space","8/21/2025 12:18 PM"
"A0058753433","Too Young","6/20/2025 05:17 PM"
"A0058756423","Trial Adoption","9/28/2025 12:02 PM"
"A0058757108","Lack of Space","7/2/2025 05:46 PM"
"A0058757957","Too Young","6/21/2025 06:05 PM"
"A0058757979","Too Young","6/21/2025 06:05 PM"
"A0058762135","Lack of Space","8/16/2025 11:31 AM"
"A0058762439","Lack of Space","9/22/2025 02:20 PM"
"A0058763780","Lack of Space","8/14/2025 05:22 PM"
"A0058766779","Lack of Space","7/19/2025 02:57 PM"
"A0058771442","Lack of Space","8/28/2025 07:33 PM"
"A0058778619","Lack of Space","8/28/2025 08:19 PM"
"A0058782548","Lack of Space","8/21/2025 01:48 PM"
"A0058794551","Too Young","6/26/2025 06:12 PM"
"A0058795005","Lack of Space","9/9/2025 07:06 PM"
"A0058795391","Lack of Space","8/29/2025 09:51 PM"
"A0058798603","Too Young","6/27/2025 02:27 PM"
"A0058809387","Lack of Space","8/15/2025 06:55 PM"
"A0058813352","Too Young","6/30/2025 02:26 PM"
"A0058816172","Medical","7/1/2025 04:32 PM"
"A0058817270","Too Young","7/2/2025 04:31 PM"
"A0058817285","Too Young","7/2/2025 04:31 PM"
"A0058817316","Too Young","7/2/2025 04:31 PM"
"A0058820168","Lack of Space","7/20/2025 04:14 PM"
"A0058820818","Lack of Space","8/20/2025 04:53 PM"
"A0058822047","Lack of Space","8/12/2025 06:56 PM"
"A0058827139","Trial Adoption","9/9/2025 05:56 PM"
"A0058831027","Too Young","7/2/2025 03:11 PM"
"A0058831101","Lack of Space","8/13/2025 05:14 PM"
"A0058841665","Lack of Space","8/31/2025 06:15 PM"
"A0058841818","Too Young","7/8/2025 07:26 PM"
"A0058844546","Pregnant/Nursing w/Mom","7/8/2025 08:49 PM"
"A0058847356","Lack of Space","8/28/2025 07:55 PM"
"A0058848191","Too Young","7/6/2025 02:34 PM"
"A0058848637","Lack of Space","9/5/2025 05:09 PM"
"A0058850516","Lack of Space","7/31/2025 08:48 PM"
"A0058853857","Lack of Space","8/22/2025 05:33 PM"
"A0058855116","Trial Adoption","9/6/2025 03:16 PM"
"A0058855489","Lack of Space","9/28/2025 04:26 PM"
"A0058856656","Lack of Space","7/21/2025 04:04 PM"
"A0058858235","Lack of Space","7/24/2025 09:54 PM"
"A0058859024","Too Young","7/7/2025 04:33 PM"
"A0058859028","Too Young","7/7/2025 04:33 PM"
"A0058867555","",""
"A0058869732","Trial Adoption","9/15/2025 06:57 PM"
"A0058870352","Lack of Space","8/13/2025 01:30 PM"
"A0058870368","Lack of Space","7/31/2025 03:32 PM"
"A0058870423","Medical","7/29/2025 12:08 PM"
"A0058872755","Lack of Space","8/30/2025 12:17 PM"
"A0058875618","Lack of Space","9/12/2025 12:04 PM"
"A0058879473","Lack of Space","8/19/2025 05:16 PM"
"A0058879483","Lack of Space","9/6/2025 04:14 PM"
"A0058882547","Lack of Space","9/4/2025 02:45 PM"
"A0058884817","Lack of Space","9/2/2025 12:08 PM"
"A0058885403","Medical","7/11/2025 05:54 PM"
"A0058886517","Trial Adoption","9/25/2025 11:29 AM"
"A0058892849","Too Young","7/11/2025 06:53 PM"
"A0058895942","Too Young","7/15/2025 02:13 PM"
"A0058896193","Lack of Space","9/4/2025 06:49 PM"
"A0058896569","Too Young","7/13/2025 03:02 PM"
"A0058896583","Too Young","7/13/2025 03:02 PM"
"A0058896630","Too Young","7/16/2025 05:22 PM"
"A0058897336","Lack of Space","7/19/2025 08:46 AM"
"A0058900098","Lack of Space","9/4/2025 07:41 PM"
"A0058900557","Lack of Space","9/18/2025 08:41 PM"
"A0058901520","Lack of Space","9/20/2025 11:12 AM"
"A0058903045","Too Young","7/14/2025 11:47 AM"
"A0058903060","Too Young","7/14/2025 11:47 AM"
"A0058903073","Too Young","7/14/2025 11:47 AM"
"A0058905604","Trial Adoption","8/29/2025 06:26 PM"
"A0058907624","Too Young","7/14/2025 05:28 PM"
"A0058907633","Too Young","7/14/2025 05:28 PM"
"A0058907641","Too Young","7/14/2025 05:28 PM"
"A0058907658","Too Young","7/14/2025 05:28 PM"
"A0058907750","Trial Adoption","8/27/2025 06:17 PM"
"A0058911318","Trial Adoption","8/28/2025 06:50 PM"
"A0058912760","Lack of Space","9/16/2025 12:48 PM"
"A0058915433","Lack of Space","7/25/2025 05:10 PM"
"A0058916541","Trial Adoption","9/2/2025 04:49 PM"
"A0058916889","Lack of Space","7/24/2025 08:14 PM"
"A0058920051","Lack of Space","8/8/2025 02:34 PM"
"A0058923804","Lack of Space","8/17/2025 04:18 PM"
"A0058923964","Trial Adoption","9/4/2025 07:40 PM"
"A0058927325","Lack of Space","9/9/2025 06:29 PM"
"A0058927329","Trial Adoption","9/17/2025 04:11 PM"
"A0058927336","Trial Adoption","9/18/2025 05:28 PM"
"A0058932264","Lack of Space","9/25/2025 07:51 PM"
"A0058932746","Too Young","7/18/2025 06:12 PM"
"A0058932749","Too Young","7/18/2025 06:12 PM"
"A0058932770","Too Young","7/18/2025 06:12 PM"
"A0058935741","Friendly Finder","7/22/2025 06:09 PM"
"A0058936565","Lack of Space","8/29/2025 03:44 PM"
"A0058937435","Lack of Space","8/31/2025 04:33 PM"
"A0058937667","Trial Adoption","9/8/2025 06:02 PM"
"A0058941410","Lack of Space","9/17/2025 01:33 PM"
"A0058943403","Lack of Space","9/19/2025 02:23 PM"
"A0058943849","Lack of Space","8/6/2025 07:59 PM"
"A0058943859","Lack of Space","8/19/2025 07:46 PM"
"A0058943866","Trial Adoption","9/18/2025 06:57 PM"
"A0058948806","Trial Adoption","8/28/2025 08:11 PM"
"A0058948812","Lack of Space","9/2/2025 01:16 PM"
"A0058950641","Trial Adoption","9/2/2025 05:17 PM"
"A0058952168","Lack of Space","9/25/2025 08:43 PM"
"A0058952223","Pregnant/Nursing w/Mom","7/23/2025 06:49 PM"
"A0058952280","Pregnant/Nursing w/Mom","7/23/2025 06:49 PM"
"A0058952309","Pregnant/Nursing w/Mom","7/23/2025 06:49 PM"
"A0058952321","Pregnant/Nursing w/Mom","7/23/2025 06:49 PM"
"A0058953982","Weekend Warrior","9/24/2025 11:28 AM"
"A0058956679","Lack of Space","9/6/2025 03:38 PM"
"A0058961127","Lack of Space","9/26/2025 04:51 PM"
"A0058970450","Lack of Space","8/21/2025 08:12 PM"
"A0058970456","Lack of Space","7/29/2025 02:47 PM"
"A0058972613","Lack of Space","8/25/2025 05:26 PM"
"A0058973981","Trial Adoption","9/7/2025 04:15 PM"
"A0058974557","Lack of Space","9/26/2025 08:17 PM"
"A0058974570","Lack of Space","9/26/2025 08:17 PM"
"A0058975011","Trial Adoption","9/17/2025 06:40 PM"
"A0058978092","Lack of Space","9/11/2025 06:29 PM"
"A0058978189","Lack of Space","9/8/2025 04:04 PM"
"A0058978213","Lack of Space","9/19/2025 05:47 PM"
"A0058978654","Lack of Space","9/25/2025 08:00 PM"
"A0058987569","Lack of Space","8/4/2025 05:43 PM"
"A0058987951","Too Young","8/5/2025 06:34 PM"
"A0058987954","Too Young","8/5/2025 06:34 PM"
"A0058987974","Too Young","8/5/2025 06:34 PM"
"A0058988613","Lack of Space","9/18/2025 07:22 PM"
"A0058991756","Lack of Space","9/18/2025 03:56 PM"
"A0058992977","Lack of Space","9/23/2025 01:50 PM"
"A0058993234","Lack of Space","8/28/2025 07:38 PM"
"A0058994579","Friendly Finder","7/28/2025 12:43 PM"
"A0058996759","Lack of Space","8/21/2025 12:36 PM"
"A0058996866","Too Young","7/28/2025 03:38 PM"
"A0058996877","Too Young","7/28/2025 03:38 PM"
"A0058998761","Lack of Space","8/26/2025 03:03 PM"
"A0058999518","Trial Adoption","9/21/2025 06:21 PM"
"A0059004782","Lack of Space","8/19/2025 03:07 PM"
"A0059005672","Lack of Space","8/24/2025 02:47 PM"
"A0059005850","Lack of Space","9/4/2025 04:25 PM"
"A0059006048","Lack of Space","9/18/2025 12:25 PM"
"A0059006751","Medical","8/14/2025 07:12 PM"
"A0059007738","Lack of Space","8/14/2025 12:34 PM"
"A0059007742","Pregnant/Nursing w/Mom","8/2/2025 02:54 PM"
"A0059007746","Pregnant/Nursing w/Mom","8/2/2025 02:54 PM"
"A0059007750","Pregnant/Nursing w/Mom","8/2/2025 02:54 PM"
"A0059007753","Pregnant/Nursing w/Mom","8/2/2025 02:54 PM"
"A0059007756","Pregnant/Nursing w/Mom","8/2/2025 02:54 PM"
"A0059023830","Trial Adoption","9/4/2025 04:37 PM"
"A0059025512","Lack of Space","9/27/2025 06:20 PM"
"A0059028091","Trial Adoption","9/25/2025 06:33 PM"
"A0059030332","Lack of Space","8/19/2025 01:41 PM"
"A0059030945","Trial Adoption","8/28/2025 07:44 PM"
"A0059031986","Trial Adoption","9/11/2025 05:59 PM"
"A0059032318","Lack of Space","8/28/2025 12:38 PM"
"A0059033724","Trial Adoption","9/12/2025 03:17 PM"
"A0059034031","Trial Adoption","9/4/2025 12:34 PM"
"A0059037748","Pregnant/Nursing w/Mom","8/4/2025 06:23 PM"
"A0059037749","Pregnant/Nursing w/Mom","8/4/2025 06:23 PM"
"A0059037750","Pregnant/Nursing w/Mom","8/4/2025 06:23 PM"
"A0059037753","Pregnant/Nursing w/Mom","8/4/2025 06:23 PM"
"A0059037823","Pregnant/Nursing w/Mom","8/4/2025 06:23 PM"
"A0059039538","Too Young","8/4/2025 03:08 PM"
"A0059039553","Too Young","8/4/2025 03:08 PM"
"A0059044513","Lack of Space","8/18/2025 06:20 PM"
"A0059044650","Too Young","8/4/2025 07:08 PM"
"A0059045109","Lack of Space","8/17/2025 03:31 PM"
"A0059045111","Lack of Space","9/8/2025 06:25 PM"
"A0059047525","Trial Adoption","9/3/2025 05:27 PM"
"A0059047527","Trial Adoption","9/11/2025 02:35 PM"
"A0059047534","Trial Adoption","9/11/2025 02:37 PM"
"A0059047768","Lack of Space","9/12/2025 03:42 PM"
"A0059047995","Lack of Space","8/16/2025 05:43 PM"
"A0059051392","Friendly Finder","8/5/2025 04:37 PM"
"A0059055456","Friendly Finder","8/6/2025 12:16 PM"
"A0059055466","Friendly Finder","8/6/2025 12:16 PM"
"A0059055507","Friendly Finder","8/6/2025 12:16 PM"
"A0059056260","Too Young","8/7/2025 04:18 PM"
"A0059059299","Lack of Space","9/4/2025 02:09 PM"
"A0059060477","Trial Adoption","9/11/2025 12:59 PM"
"A0059061882","Lack of Space","9/12/2025 03:36 PM"
"A0059064014","Trial Adoption","8/31/2025 03:54 PM"
"A0059066392","Too Young","8/14/2025 04:45 PM"
"A0059066458","Too Young","8/14/2025 04:45 PM"
"A0059067111","Too Young","8/7/2025 04:04 PM"
"A0059067906","Too Young","8/8/2025 04:35 PM"
"A0059067920","Too Young","8/8/2025 04:35 PM"
"A0059068647","Weekend Warrior","9/28/2025 06:08 PM"
"A0059068907","Lack of Space","9/11/2025 08:17 PM"
"A0059069137","Lack of Space","9/10/2025 11:54 AM"
"A0059069956","Trial Adoption","9/5/2025 12:14 PM"
"A0059072898","Lack of Space","8/23/2025 06:26 PM"
"A0059076738","Trial Adoption","8/31/2025 02:38 PM"
"A0059078775","Pregnant/Nursing w/Mom","8/13/2025 02:11 PM"
"A0059079417","Too Young","8/11/2025 06:44 PM"
"A0059079582","Too Young","9/2/2025 11:06 AM"
"A0059079597","Too Young","9/2/2025 11:06 AM"
"A0059079689","Too Young","8/12/2025 06:14 PM"
"A0059079742","Too Young","9/2/2025 11:06 AM"
"A0059079746","Too Young","9/2/2025 11:06 AM"
"A0059079840","Lack of Space","9/20/2025 11:39 AM"
"A0059080152","Trial Adoption","9/3/2025 03:56 PM"
"A0059080643","Trial Adoption","9/3/2025 06:44 PM"
"A0059083104","Lack of Space","9/17/2025 04:31 PM"
"A0059084840","Lack of Space","8/23/2025 03:56 PM"
"A0059085051","Too Young","8/11/2025 11:46 AM"
"A0059087305","Trial Adoption","9/28/2025 04:00 PM"
"A0059088172","Too Young","8/17/2025 04:56 PM"
"A0059088207","Trial Adoption","9/13/2025 12:23 PM"
"A0059088231","Too Young","8/17/2025 04:56 PM"
"A0059088241","Too Young","8/17/2025 04:56 PM"
"A0059089087","Lack of Space","9/18/2025 08:33 PM"
"A0059089105","Trial Adoption","9/11/2025 04:28 PM"
"A0059089132","Weekend Warrior","9/3/2025 12:13 PM"
"A0059090536","Trial Adoption","9/2/2025 05:04 PM"
"A0059091185","Trial Adoption","9/27/2025 03:31 PM"
"A0059091240","Pregnant/Nursing w/Mom","8/13/2025 02:11 PM"
"A0059091245","Pregnant/Nursing w/Mom","8/13/2025 02:11 PM"
"A0059091250","Trial Adoption","9/17/2025 06:42 PM"
"A0059091253","Pregnant/Nursing w/Mom","8/13/2025 02:11 PM"
"A0059091259","Pregnant/Nursing w/Mom","8/13/2025 02:11 PM"
"A0059091265","Pregnant/Nursing w/Mom","8/13/2025 02:11 PM"
"A0059091500","Trial Adoption","9/10/2025 03:04 PM"
"A0059092566","Trial Adoption","8/20/2025 04:43 PM"
"A0059093171","Trial Adoption","9/2/2025 06:01 PM"
"A0059094700","Too Young","8/17/2025 05:02 PM"
"A0059094710","Too Young","8/17/2025 05:02 PM"
"A0059094717","Too Young","8/17/2025 05:02 PM"
"A0059094773","Too Young","8/17/2025 05:02 PM"
"A0059094790","Too Young","8/17/2025 05:02 PM"
"A0059095636","Lack of Space","9/5/2025 05:03 PM"
"A0059096476","Lack of Space","9/25/2025 02:55 PM"
"A0059098443","Lack of Space","9/5/2025 01:06 PM"
"A0059098998","Pet Sitting","9/15/2025 11:26 PM"
"A0059100213","Lack of Space","9/11/2025 11:56 AM"
"A0059101393","Trial Adoption","9/10/2025 12:31 PM"
"A0059101670","Lack of Space","8/28/2025 08:27 PM"
"A0059101770","Lack of Space","9/8/2025 06:24 PM"
"A0059101776","Too Young","9/7/2025 04:49 PM"
"A0059102003","Trial Adoption","8/25/2025 11:12 AM"
"A0059102424","Lack of Space","9/23/2025 06:33 PM"
"A0059102980","Trial Adoption","9/28/2025 12:33 PM"
"A0059105371","Trial Adoption","8/27/2025 03:45 PM"
"A0059105766","Pregnant/Nursing w/Mom","8/26/2025 01:29 PM"
"A0059105791","Pregnant/Nursing w/Mom","8/26/2025 01:29 PM"
"A0059105795","Pregnant/Nursing w/Mom","8/26/2025 01:29 PM"
"A0059105800","Pregnant/Nursing w/Mom","8/26/2025 01:29 PM"
"A0059106338","Too Young","8/14/2025 04:48 PM"
"A0059106400","Lack of Space","9/3/2025 07:32 PM"
"A0059106761","Lack of Space","9/18/2025 04:35 PM"
"A0059108642","Lack of Space","8/23/2025 11:36 PM"
"A0059108937","Trial Adoption","9/12/2025 04:59 PM"
"A0059108957","Trial Adoption","9/12/2025 04:57 PM"
"A0059109380","Too Young","8/14/2025 04:45 PM"
"A0059109555","Trial Adoption","9/8/2025 05:59 PM"
"A0059110247","Too Young","8/20/2025 06:47 PM"
"A0059110270","Too Young","8/20/2025 06:47 PM"
"A0059110503","Trial Adoption","9/16/2025 03:20 PM"
"A0059113414","Too Young","8/15/2025 07:14 PM"
"A0059113490","Too Young","8/15/2025 07:14 PM"
"A0059113748","Lack of Space","9/4/2025 08:24 PM"
"A0059114272","Trial Adoption","8/20/2025 03:10 PM"
"A0059114457","Lack of Space","9/9/2025 07:33 PM"
"A0059114517","Lack of Space","9/16/2025 12:45 PM"
"A0059116037","Trial Adoption","9/21/2025 05:14 PM"
"A0059117627","Lack of Space","9/25/2025 07:51 PM"
"A0059121452","Trial Adoption","9/26/2025 07:04 PM"
"A0059121527","Trial Adoption","9/2/2025 06:42 PM"
"A0059122204","Trial Adoption","8/28/2025 03:22 PM"
"A0059123537","Trial Adoption","9/17/2025 12:43 PM"
"A0059123747","Lack of Space","9/17/2025 07:51 PM"
"A0059123893","Lack of Space","9/7/2025 04:45 PM"
"A0059125495","Lack of Space","9/5/2025 02:29 PM"
"A0059126703","Lack of Space","8/24/2025 05:27 PM"
"A0059186726","Trial Adoption","9/8/2025 06:06 PM"
"A0059187357","Trial Adoption","9/8/2025 06:00 PM"
"A0059187897","Lack of Space","9/18/2025 06:56 PM"
"A0059191312","Too Young","8/18/2025 04:00 PM"
"A0059193088","Pet Sitting","9/20/2025 04:20 PM"
"A0059193435","Lack of Space","9/27/2025 01:30 PM"
"A0059195431","Too Young","8/27/2025 06:45 PM"
"A0059196405","Trial Adoption","9/22/2025 02:44 PM"
"A0059201506","Trial Adoption","9/15/2025 06:59 PM"
"A0059201554","Too Young","8/21/2025 01:09 PM"
"A0059201579","Trial Adoption","8/25/2025 06:45 PM"
"A0059204350","Trial Adoption","8/25/2025 06:44 PM"
"A0059204663","Friendly Finder","8/20/2025 02:05 PM"
"A0059204957","Trial Adoption","9/3/2025 07:08 PM"
"A0059205435","Pregnant/Nursing w/Mom","8/26/2025 01:29 PM"
"A0059208375","Too Young","8/25/2025 02:25 PM"
"A0059208395","Too Young","8/25/2025 02:25 PM"
"A0059209048","Trial Adoption","9/24/2025 06:04 PM"
"A0059209562","Lack of Space","9/12/2025 02:13 PM"
"A0059211044","Trial Adoption","9/2/2025 02:15 PM"
"A0059211192","Lack of Space","9/4/2025 08:52 PM"
"A0059211223","Trial Adoption","9/18/2025 06:07 PM"
"A0059215480","Too Young","8/24/2025 05:52 PM"
"A0059215504","Too Young","8/24/2025 05:52 PM"
"A0059215791","Trial Adoption","9/4/2025 06:36 PM"
"A0059218047","Trial Adoption","9/4/2025 06:05 PM"
"A0059218068","Trial Adoption","9/22/2025 05:26 PM"
"A0059219679","Too Young","8/22/2025 12:55 PM"
"A0059219903","Medical","9/12/2025 03:05 PM"
"A0059220107","Lack of Space","8/30/2025 02:01 PM"
"A0059221336","Lack of Space","8/28/2025 05:36 PM"
"A0059223256","Lack of Space","9/9/2025 05:21 PM"
"A0059223836","Trial Adoption","9/25/2025 06:22 PM"
"A0059223851","Medical","9/9/2025 12:48 PM"
"A0059224364","Trial Adoption","9/24/2025 05:28 PM"
"A0059225945","Too Young","8/25/2025 06:01 PM"
"A0059225955","Too Young","8/25/2025 06:01 PM"
"A0059226558","Trial Adoption","9/8/2025 06:03 PM"
"A0059226845","Lack of Space","9/18/2025 05:41 PM"
"A0059227472","Too Young","9/9/2025 12:11 PM"
"A0059228456","Lack of Space","9/24/2025 12:03 PM"
"A0059229633","Trial Adoption","9/4/2025 06:07 PM"
"A0059230095","Lack of Space","9/10/2025 01:29 PM"
"A0059238420","Too Young","9/11/2025 06:05 PM"
"A0059238428","Too Young","9/11/2025 06:05 PM"
"A0059238432","Too Young","9/11/2025 06:05 PM"
"A0059238437","Too Young","9/11/2025 06:05 PM"
"A0059240381","Lack of Space","9/23/2025 05:19 PM"
"A0059242086","Too Young","8/26/2025 01:58 PM"
"A0059243679","Too Young","9/7/2025 04:50 PM"
"A0059244438","Too Young","8/31/2025 12:18 PM"
"A0059245145","Trial Adoption","9/15/2025 06:19 PM"
"A0059245957","Medical","9/12/2025 03:05 PM"
"A0059249931","Trial Adoption","9/23/2025 05:05 PM"
"A0059250212","Lack of Space","9/8/2025 06:34 PM"
"A0059250440","Pet Sitting","9/27/2025 05:01 PM"
"A0059250692","Too Young","8/31/2025 02:44 PM"
"A0059252560","Too Young","8/28/2025 05:23 PM"
"A0059253592","Weekend Warrior","9/27/2025 04:38 PM"
"A0059255890","Trial Adoption","9/8/2025 05:39 PM"
"A0059258383","Weekend Warrior","9/27/2025 06:04 PM"
"A0059259739","Lack of Space","9/17/2025 04:36 PM"
"A0059261309","Too Young","9/3/2025 03:44 PM"
"A0059261311","Too Young","9/3/2025 03:44 PM"
"A0059261687","Trial Adoption","9/25/2025 11:31 AM"
"A0059263622","Trial Adoption","9/3/2025 06:26 PM"
"A0059264961","Trial Adoption","9/10/2025 06:26 PM"
"A0059265558","Lack of Space","9/25/2025 08:07 PM"
"A0059265573","Weekend Warrior","9/12/2025 01:10 PM"
"A0059267035","Trial Adoption","9/17/2025 01:23 PM"
"A0059267775","Trial Adoption","9/15/2025 06:58 PM"
"A0059269457","Medical","9/21/2025 03:33 PM"
"A0059269530","Trial Adoption","9/8/2025 06:01 PM"
"A0059270614","Lack of Space","9/23/2025 01:14 PM"
"A0059270667","Lack of Space","9/13/2025 05:29 PM"
"A0059271057","Medical","9/8/2025 04:26 PM"
"A0059275084","Lack of Space","9/16/2025 10:52 AM"
"A0059275556","Trial Adoption","9/13/2025 01:35 PM"
"A0059277660","Trial Adoption","9/10/2025 04:20 PM"
"A0059281698","Lack of Space","9/12/2025 12:39 PM"
"A0059282712","Trial Adoption","9/11/2025 07:22 PM"
"A0059284008","Too Young","9/2/2025 05:06 PM"
"A0059284020","Too Young","9/2/2025 05:06 PM"
"A0059287820","Trial Adoption","9/18/2025 07:25 PM"
"A0059288339","Trial Adoption","9/16/2025 04:44 PM"
"A0059288794","Friendly Finder","9/3/2025 03:13 PM"
"A0059293093","Lack of Space","9/26/2025 12:12 PM"
"A0059294459","Trial Adoption","9/4/2025 08:30 PM"
"A0059295258","Lack of Space","9/5/2025 02:38 PM"
"A0059295476","Too Young","9/4/2025 12:08 PM"
"A0059295483","Too Young","9/4/2025 12:08 PM"
"A0059295500","Too Young","9/4/2025 12:08 PM"
"A0059295518","Too Young","9/4/2025 12:08 PM"
"A0059295522","Lack of Space","9/14/2025 10:58 AM"
"A0059297754","Pregnant/Nursing w/Mom","9/15/2025 04:16 PM"
"A0059297771","Pregnant/Nursing w/Mom","9/15/2025 04:16 PM"
"A0059297786","Pregnant/Nursing w/Mom","9/15/2025 04:16 PM"
"A0059297793","Pregnant/Nursing w/Mom","9/15/2025 04:16 PM"
"A0059297809","Pregnant/Nursing w/Mom","9/15/2025 04:16 PM"
"A0059297819","Pregnant/Nursing w/Mom","9/15/2025 04:16 PM"
"A0059298192","Trial Adoption","9/25/2025 01:08 PM"
"A0059300610","Trial Adoption","9/16/2025 02:44 PM"
"A0059300947","Lack of Space","9/16/2025 06:07 PM"
"A0059301395","Trial Adoption","9/11/2025 11:49 AM"
"A0059304038","Lack of Space","9/24/2025 03:50 PM"
"A0059305155","Lack of Space","9/15/2025 07:08 PM"
"A0059306070","Friendly Finder","9/5/2025 03:30 PM"
"A0059313478","Lack of Space","9/27/2025 02:27 PM"
"A0059314835","Too Young","9/11/2025 07:53 PM"
"A0059320912","Friendly Finder","9/9/2025 03:29 PM"
"A0059321315","Trial Adoption","9/24/2025 06:25 PM"
"A0059321660","Trial Adoption","9/24/2025 07:07 PM"
"A0059321671","Trial Adoption","9/24/2025 07:07 PM"
"A0059321714","Too Young","9/8/2025 06:33 PM"
"A0059321777","Trial Adoption","9/17/2025 06:37 PM"
"A0059325351","Trial Adoption","9/17/2025 06:05 PM"
"A0059327037","Trial Adoption","9/22/2025 03:54 PM"
"A0059329584","Trial Adoption","9/18/2025 02:57 PM"
"A0059330190","Rescue Foster","9/19/2025 06:58 PM"
"A0059330193","Rescue Foster","9/19/2025 07:02 PM"
"A0059330196","Rescue Foster","9/19/2025 07:02 PM"
"A0059330198","Rescue Foster","9/19/2025 07:02 PM"
"A0059330201","Rescue Foster","9/19/2025 06:58 PM"
"A0059330203","Rescue Foster","9/19/2025 06:58 PM"
"A0059332604","Medical","9/21/2025 06:10 PM"
"A0059333586","Friendly Finder","9/10/2025 12:57 PM"
"A0059337136","Too Young","9/11/2025 11:25 AM"
"A0059337485","Trial Adoption","9/15/2025 06:56 PM"
"A0059340237","Too Young","9/11/2025 11:52 AM"
"A0059348504","Trial Adoption","9/26/2025 06:13 PM"
"A0059348523","Too Young","9/18/2025 12:45 PM"
"A0059349295","Too Young","9/12/2025 12:56 PM"
"A0059349803","Trial Adoption","9/18/2025 05:23 PM"
"A0059353949","Too Young","9/16/2025 02:36 PM"
"A0059353955","Too Young","9/16/2025 02:36 PM"
"A0059354459","Trial Adoption","9/22/2025 07:01 PM"
"A0059357331","Pregnant/Nursing w/Mom","9/17/2025 05:18 PM"
"A0059357332","Pregnant/Nursing w/Mom","9/17/2025 05:18 PM"
"A0059357333","Pregnant/Nursing w/Mom","9/17/2025 05:18 PM"
"A0059359299","Too Young","9/23/2025 07:06 PM"
"A0059359300","Too Young","9/23/2025 07:06 PM"
"A0059359305","Too Young","9/23/2025 07:06 PM"
"A0059361213","Too Young","9/17/2025 03:57 PM"
"A0059361697","Lack of Space","9/25/2025 06:15 PM"
"A0059362281","Trial Adoption","9/19/2025 03:55 PM"
"A0059364862","Friendly Finder","9/15/2025 04:17 PM"
"A0059365862","Too Young","9/17/2025 05:57 PM"
"A0059368995","Friendly Finder","9/16/2025 01:07 PM"
"A0059369289","Trial Adoption","9/24/2025 06:08 PM"
"A0059369600","Friendly Finder","9/16/2025 01:07 PM"
"A0059370631","Too Young","9/17/2025 04:40 PM"
"A0059374255","Lack of Space","9/25/2025 03:23 PM"
"A0059374259","Too Young","9/17/2025 04:40 PM"
"A0059374617","Too Young","9/18/2025 06:28 PM"
"A0059374620","Too Young","9/18/2025 06:28 PM"
"A0059377587","Lack of Space","9/23/2025 06:42 PM"
"A0059378247","Trial Adoption","9/25/2025 12:06 PM"
"A0059379590","Lack of Space","9/26/2025 12:19 PM"
"A0059384435","Trial Adoption","9/22/2025 06:12 PM"
"A0059385021","Friendly Finder","9/18/2025 11:50 AM"
"A0059385390","Lack of Space","9/23/2025 05:25 PM"
"A0059393247","Too Young","9/28/2025 12:23 PM"
"A0059393262","Too Young","9/28/2025 12:23 PM"
"A0059394510","Too Young","9/19/2025 02:32 PM"
"A0059394526","Too Young","9/19/2025 02:32 PM"
"A0059394539","Too Young","9/19/2025 02:32 PM"
"A0059395356","",""
"A0059395692","Trial Adoption","9/27/2025 06:29 PM"
"A0059396341","Too Young","9/24/2025 06:02 PM"
"A0059396351","Too Young","9/24/2025 06:02 PM"
"A0059397240","Too Young","9/20/2025 10:35 PM"
"A0059398537","Too Young","9/23/2025 06:27 PM"
"A0059398552","Too Young","9/23/2025 06:27 PM"
"A0059400837","Too Young","9/20/2025 07:01 PM"
"A0059400844","Too Young","9/20/2025 07:01 PM"
"A0059402509","Too Young","9/21/2025 03:22 PM"
"A0059403501","Friendly Finder","9/21/2025 04:49 PM"
"A0059406721","Too Young","9/25/2025 04:01 PM"
"A0059407671","Lack of Space","9/25/2025 05:05 PM"
"A0059407698","Lack of Space","9/25/2025 05:05 PM"
"A0059407707","Lack of Space","9/22/2025 04:15 PM"
"A0059407710","Lack of Space","9/22/2025 04:16 PM"
"A0059407724","Lack of Space","9/22/2025 04:16 PM"
"A0059407732","Lack of Space","9/23/2025 03:06 PM"
"A0059407751","Lack of Space","9/25/2025 05:05 PM"
"A0059407770","Lack of Space","9/23/2025 03:08 PM"
"A0059408642","Lack of Space","9/26/2025 12:15 PM"
"A0059411258","Too Young","9/23/2025 02:19 PM"
"A0059422911","Lack of Space","9/27/2025 05:30 PM"
"A0059422943","Lack of Space","9/27/2025 05:33 PM"
"A0059422959","Lack of Space","9/27/2025 05:35 PM"
"A0059423468","Too Young","9/25/2025 06:20 PM"
"A0059423476","Too Young","9/25/2025 06:20 PM"
"A0059423485","Too Young","9/25/2025 06:20 PM"
"A0059423515","Too Young","9/25/2025 06:20 PM"
"A0059423539","Too Young","9/25/2025 06:20 PM"
"A0059423559","Too Young","9/25/2025 06:20 PM"
"A0059423584","Too Young","9/25/2025 06:20 PM"
"A0059429440","Lack of Space","9/26/2025 08:22 PM"
"A0059437247","Friendly Finder","9/26/2025 12:47 PM"
"A0059441398","Too Young","9/28/2025 05:10 PM"
"A0059443617","Too Young","9/28/2025 06:03 PM"
"A0059443642","Too Young","9/28/2025 06:03 PM"
