"Rabies Vaccine History",""
"",""
"Animal #","ExpirationDate"
"A0053293515","2/11/2026 11:21 AM"
"A0053300757","3/28/2025 12:11 PM"
"A0053303591","5/14/2026 10:33 AM"
"A0053312831","6/26/2026 04:06 PM"
"A0053588993","5/14/2025 05:27 PM"
"A0053591163","3/27/2026 04:49 PM"
"A0053595877","8/15/2025 02:55 PM"
"A0053596658","5/2/2026 10:51 AM"
"A0053600249","8/9/2026 03:25 AM"
"A0053600299","3/31/2026 11:00 AM"
"A0053601345","8/7/2026 10:29 AM"
"A0053603468","9/3/2025 04:47 PM"
"A0053604168","1/29/2025 11:51 AM"
"A0053611747","3/12/2025 12:09 PM"
"A0053612126","6/13/2026 06:05 PM"
"A0053613541","9/17/2026 07:13 PM"
"A0053614538","9/10/2026 03:21 PM"
"A0053615028","9/4/2026 01:00 PM"
"A0053616676","9/18/2026 11:52 AM"
"A0053616951","9/4/2026 07:10 PM"
"A0053618690","1/2/2026 03:10 PM"
"A0053618691","6/24/2025 05:06 PM"
"A0053621296","1/8/2026 05:36 PM"
"A0053623474","7/20/2026 03:26 PM"
"A0053623485","4/4/2026 02:38 PM"
"A0053623564","9/26/2026 02:40 PM"
"A0053626387","2/5/2025 02:37 PM"
"A0053626727","7/13/2026 01:30 PM"
"A0053630131","9/3/2026 04:08 PM"
"A0053630143","8/23/2026 06:09 PM"
"A0053632065","5/13/2025 05:09 PM"
"A0053632972","1/26/2025 01:11 PM"
"A0053633913","3/21/2025 01:53 PM"
"A0053633954","4/3/2025 03:10 PM"
"A0053635126","3/6/2025 04:08 PM"
"A0053635437","6/10/2025 05:56 PM"
"A0053636497","9/20/2026 04:09 PM"
"A0053636779","10/12/2024 03:52 PM"
"A0053637006","9/11/2025 05:09 PM"
"A0053824318","8/6/2024 04:11 PM"
"A0053848363","1/28/2026 12:24 PM"
"A0053911720","9/14/2024 04:44 PM"
"A0054123479","9/28/2024 10:24 AM"
"A0054159016","10/26/2024 02:07 PM"
"A0054577049","3/7/2025 01:04 PM"
"A0054649638","11/2/2024 09:28 AM"
"A0054667066","11/29/2024 12:57 PM"
"A0054688624","1/24/2025 12:23 PM"
"A0054765121","12/22/2024 02:38 PM"
"A0054884374","12/8/2024 02:20 PM"
"A0055025441","2/19/2025 05:22 PM"
"A0055028046","2/12/2025 03:42 PM"
"A0055062948","3/14/2025 11:29 AM"
"A0055110303","2/9/2025 02:13 PM"
"A0055111834","3/21/2025 10:21 AM"
"A0055135794","4/17/2025 11:47 AM"
"A0055170623","3/20/2025 05:15 PM"
"A0055265231","2/22/2025 10:03 AM"
"A0055406871","3/1/2025 12:35 PM"
"A0055454653","3/12/2025 10:28 AM"
"A0055529436","3/19/2025 01:22 PM"
"A0055538889","3/27/2025 09:34 AM"
"A0055579826","3/26/2025 02:34 PM"
"A0055612570","5/13/2025 11:33 AM"
"A0055649438","7/18/2025 01:41 PM"
"A0055675268","5/13/2025 03:20 PM"
"A0055697269","6/5/2025 11:33 AM"
"A0055697364","6/27/2025 03:13 PM"
"A0055785509","5/28/2025 10:27 AM"
"A0055789122","4/29/2025 11:06 AM"
"A0055806684","4/29/2025 04:50 PM"
"A0055857982","5/22/2025 03:46 PM"
"A0055905913","9/29/2025 02:56 PM"
"A0055909108","5/20/2025 01:23 PM"
"A0055923266","6/14/2025 11:37 AM"
"A0055941918","5/31/2025 10:45 AM"
"A0055952142","7/1/2025 01:18 PM"
"A0055954982","7/29/2025 11:48 AM"
"A0055971280","9/27/2025 11:30 AM"
"A0056025635","7/20/2025 12:55 PM"
"A0056032086","5/30/2025 11:40 AM"
"A0056039115","6/3/2026 03:45 PM"
"A0056096120","7/15/2025 03:17 PM"
"A0056223206","9/14/2025 10:54 AM"
"A0056261713","7/1/2025 04:52 PM"
"A0056262476","6/28/2025 03:11 PM"
"A0056298384","9/13/2025 09:59 AM"
"A0056311122","2/14/2026 03:35 PM"
"A0056311130","3/4/2026 04:50 PM"
"A0056311133","4/15/2026 12:15 PM"
"A0056311137","2/3/2026 05:28 PM"
"A0056311140","2/14/2026 03:51 PM"
"A0056311146","3/21/2026 06:52 PM"
"A0056311153","3/4/2026 04:50 PM"
"A0056329160","7/25/2025 02:09 PM"
"A0056354164","8/14/2025 02:22 PM"
"A0056373956","7/25/2025 11:53 AM"
"A0056378001","8/15/2025 01:41 PM"
"A0056388664","9/4/2025 04:38 PM"
"A0056408698","12/27/2025 04:07 PM"
"A0056417577","7/26/2025 02:19 PM"
"A0056417577","7/26/2025 02:19 PM"
"A0056432711","9/14/2025 11:19 AM"
"A0056500648","9/13/2025 10:30 AM"
"A0056503718","10/28/2025 04:28 PM"
"A0056507497","8/28/2025 02:05 PM"
"A0056513366","8/9/2025 02:27 PM"
"A0056520035","10/2/2025 11:55 AM"
"A0056525090","2/28/2026 02:24 PM"
"A0056545695","9/14/2025 11:07 AM"
"A0056551335","9/9/2025 02:29 PM"
"A0056593214","9/18/2025 11:50 AM"
"A0056598333","8/26/2025 04:10 PM"
"A0056628457","11/21/2025 11:20 AM"
"A0056629500","8/20/2025 10:17 AM"
"A0056647661","8/29/2025 08:33 AM"
"A0056673936","9/29/2025 01:25 PM"
"A0056676632","10/16/2025 03:24 PM"
"A0056689698","9/26/2025 11:57 AM"
"A0056853475","9/12/2025 05:45 PM"
"A0056878500","11/21/2025 11:29 AM"
"A0056890782","4/15/2026 12:15 PM"
"A0056927704","10/29/2025 04:01 PM"
"A0056932246","10/31/2025 08:22 PM"
"A0056934062","10/24/2025 04:00 PM"
"A0056944879","11/23/2025 09:26 PM"
"A0056989366","10/19/2025 09:30 AM"
"A0056996026","10/28/2025 04:31 PM"
"A0057005310","10/16/2025 03:21 PM"
"A0057025902","12/10/2025 11:09 AM"
"A0057051256","10/11/2025 05:33 PM"
"A0057053942","10/16/2025 03:23 PM"
"A0057054603","10/29/2025 03:59 PM"
"A0057066775","1/7/2026 09:42 AM"
"A0057072729","10/31/2025 12:24 PM"
"A0057075321","10/22/2025 03:58 PM"
"A0057081101","11/5/2025 02:01 PM"
"A0057103153","10/23/2025 11:21 AM"
"A0057120707","11/6/2025 12:02 PM"
"A0057149974","3/13/2026 03:02 PM"
"A0057161815","11/22/2025 11:08 AM"
"A0057165859","11/12/2025 11:04 AM"
"A0057165881","11/6/2025 04:51 PM"
"A0057165899","12/18/2025 12:00 PM"
"A0057177276","11/11/2025 10:42 AM"
"A0057205462","9/7/2026 04:32 PM"
"A0057224582","11/27/2025 10:19 AM"
"A0057233768","12/4/2025 11:33 AM"
"A0057243693","11/20/2025 02:48 PM"
"A0057252718","11/15/2025 01:44 PM"
"A0057256931","2/13/2026 11:36 AM"
"A0057257626","2/14/2026 03:41 PM"
"A0057261594","12/19/2025 05:58 PM"
"A0057261805","11/23/2025 08:42 PM"
"A0057301164","1/6/2026 11:40 AM"
"A0057301164","1/6/2026 11:40 AM"
"A0057303592","3/11/2026 10:32 AM"
"A0057311730","12/30/2025 02:19 PM"
"A0057321831","1/9/2026 02:51 PM"
"A0057324738","11/22/2025 12:41 PM"
"A0057327449","12/27/2025 04:30 PM"
"A0057331299","2/7/2026 04:20 PM"
"A0057353143","12/9/2025 10:30 AM"
"A0057361999","12/6/2025 06:03 PM"
"A0057411243","12/19/2025 01:22 PM"
"A0057423003","9/24/2026 12:45 PM"
"A0057425727","2/6/2026 01:47 PM"
"A0057439713","1/24/2026 05:25 PM"
"A0057441089","3/19/2026 02:13 PM"
"A0057442724","2/14/2026 03:47 PM"
"A0057455043","1/2/2026 05:00 PM"
"A0057471755","1/9/2026 11:02 AM"
"A0057478489","1/14/2026 04:39 PM"
"A0057478759","2/5/2026 01:11 PM"
"A0057489230","2/4/2026 05:56 PM"
"A0057500056","2/4/2026 04:54 PM"
"A0057500992","1/2/2026 03:39 PM"
"A0057510470","12/31/2025 10:16 AM"
"A0057512818","2/21/2026 11:36 AM"
"A0057572441","2/21/2026 10:43 AM"
"A0057597695","1/9/2026 03:28 PM"
"A0057609567","2/5/2026 01:56 PM"
"A0057614005","1/14/2026 06:28 PM"
"A0057639779","2/5/2026 12:34 PM"
"A0057639835","2/17/2026 04:56 PM"
"A0057656410","2/5/2026 01:56 PM"
"A0057663603","1/31/2026 12:32 PM"
"A0057673945","2/14/2026 03:47 PM"
"A0057747654","2/17/2026 04:56 PM"
"A0057749805","2/19/2026 11:15 AM"
"A0057774743","2/17/2026 07:04 PM"
"A0057776766","3/5/2026 01:41 PM"
"A0057782104","2/11/2026 01:11 PM"
"A0057801258","9/6/2026 04:21 PM"
"A0057806990","3/13/2026 03:05 PM"
"A0057809416","2/11/2026 04:23 PM"
"A0057813433","4/15/2026 12:15 PM"
"A0057820399","3/25/2026 11:17 AM"
"A0057820720","2/17/2026 07:01 PM"
"A0057821053","2/25/2026 01:57 PM"
"A0057824667","2/25/2026 02:24 PM"
"A0057867271","2/25/2026 02:06 PM"
"A0057873243","2/26/2026 03:04 PM"
"A0057877022","2/21/2026 10:43 AM"
"A0057885171","3/13/2026 03:02 PM"
"A0057901651","3/4/2026 10:35 AM"
"A0057910867","2/28/2026 12:12 PM"
"A0057918810","3/24/2026 01:15 PM"
"A0057938358","3/4/2026 04:50 PM"
"A0057942396","3/7/2026 02:31 PM"
"A0057945065","3/24/2026 01:15 PM"
"A0057949153","3/6/2026 02:27 PM"
"A0057949234","3/6/2026 02:27 PM"
"A0057949256","3/6/2026 02:27 PM"
"A0057949290","3/6/2026 02:27 PM"
"A0057949305","3/4/2026 10:50 AM"
"A0057949322","3/6/2026 02:27 PM"
"A0057949341","3/4/2026 02:13 PM"
"A0057949359","3/4/2026 01:49 PM"
"A0057949368","3/6/2026 02:27 PM"
"A0057969563","3/11/2026 12:29 PM"
"A0057969626","3/11/2026 02:32 PM"
"A0057985936","3/20/2026 11:25 AM"
"A0057985953","3/13/2026 03:02 PM"
"A0057999103","3/21/2026 06:37 PM"
"A0058000573","4/8/2026 01:17 PM"
"A0058006328","3/20/2026 01:21 PM"
"A0058006377","3/20/2026 01:18 PM"
"A0058015633","9/22/2026 02:30 PM"
"A0058025499","3/21/2026 06:03 PM"
"A0058029394","4/15/2026 12:15 PM"
"A0058031872","3/21/2026 06:03 PM"
"A0058036198","3/21/2026 06:37 PM"
"A0058038278","3/20/2026 01:21 PM"
"A0058042308","4/2/2026 10:02 AM"
"A0058069584","4/2/2026 10:02 AM"
"A0058069967","3/25/2026 08:30 AM"
"A0058070653","3/25/2026 11:17 AM"
"A0058099467","3/31/2026 11:00 AM"
"A0058100843","3/31/2026 11:00 AM"
"A0058104749","3/31/2026 11:56 AM"
"A0058214995","4/1/2026 11:20 AM"
"A0058215215","4/1/2026 11:20 AM"
"A0058231619","4/4/2026 02:38 PM"
"A0058240878","4/10/2026 12:02 PM"
"A0058252089","2/15/2026 12:00 AM"
"A0058252924","4/5/2026 03:18 PM"
"A0058256030","4/24/2026 10:55 AM"
"A0058256042","4/24/2026 10:55 AM"
"A0058262189","4/8/2026 09:27 AM"
"A0058262254","4/9/2026 11:47 AM"
"A0058272077","4/23/2026 11:15 AM"
"A0058279327","4/17/2026 11:44 AM"
"A0058308340","5/13/2026 12:51 PM"
"A0058313508","4/17/2026 11:44 AM"
"A0058316435","4/23/2026 11:15 AM"
"A0058324717","7/1/2026 01:43 PM"
"A0058328118","4/23/2026 11:15 AM"
"A0058328283","4/23/2026 11:32 AM"
"A0058334939","6/13/2026 03:00 PM"
"A0058338338","4/30/2026 10:53 AM"
"A0058340859","4/23/2026 11:15 AM"
"A0058344455","4/24/2026 02:30 PM"
"A0058345198","5/29/2026 02:57 PM"
"A0058352934","4/25/2026 12:33 PM"
"A0058360897","4/29/2026 10:18 AM"
"A0058364488","4/25/2026 12:29 PM"
"A0058371891","4/28/2026 10:14 AM"
"A0058375747","4/29/2026 02:47 PM"
"A0058385779","4/30/2026 10:53 AM"
"A0058398208","5/7/2026 10:50 AM"
"A0058412684","5/14/2026 01:08 PM"
"A0058416589","5/14/2026 01:08 PM"
"A0058428732","5/14/2026 11:23 AM"
"A0058436120","5/14/2026 09:57 AM"
"A0058440349","5/29/2026 12:58 PM"
"A0058446236","5/13/2026 12:46 PM"
"A0058450905","5/13/2026 12:54 PM"
"A0058455126","5/13/2026 12:48 PM"
"A0058463186","5/14/2026 01:08 PM"
"A0058463804","5/13/2026 12:54 PM"
"A0058479830","7/13/2026 01:35 PM"
"A0058481949","5/14/2026 01:08 PM"
"A0058483232","5/19/2026 12:23 PM"
"A0058491085","6/7/2026 03:16 PM"
"A0058492824","6/4/2026 01:06 PM"
"A0058503229","8/20/2026 04:35 PM"
"A0058504117","6/7/2026 03:01 PM"
"A0058504121","6/7/2026 03:01 PM"
"A0058515382","5/16/2026 05:38 PM"
"A0058520937","5/29/2026 04:01 PM"
"A0058523873","5/22/2026 04:24 PM"
"A0058528237","5/28/2026 01:47 PM"
"A0058532519","6/7/2026 06:21 PM"
"A0058535722","6/4/2026 01:06 PM"
"A0058536166","5/28/2026 10:14 AM"
"A0058548468","5/28/2026 10:15 AM"
"A0058560639","6/7/2026 03:01 PM"
"A0058570960","8/15/2026 05:05 PM"
"A0058572289","5/28/2026 02:17 PM"
"A0058574390","6/4/2026 01:06 PM"
"A0058575776","6/7/2026 03:14 PM"
"A0058576129","6/4/2026 01:06 PM"
"A0058577807","5/29/2026 05:39 PM"
"A0058577837","6/11/2026 03:25 PM"
"A0058577894","6/7/2026 03:01 PM"
"A0058577922","6/7/2026 03:01 PM"
"A0058577947","6/7/2026 03:01 PM"
"A0058577981","5/28/2026 02:26 PM"
"A0058578010","6/7/2026 03:01 PM"
"A0058578124","5/29/2026 05:13 PM"
"A0058578173","6/7/2026 03:01 PM"
"A0058578208","6/13/2026 03:00 PM"
"A0058578273","7/1/2026 02:57 PM"
"A0058578305","6/7/2026 03:01 PM"
"A0058578335","6/7/2026 03:01 PM"
"A0058578397","6/7/2026 03:08 PM"
"A0058578454","6/7/2026 03:08 PM"
"A0058578487","6/7/2026 03:08 PM"
"A0058578550","6/7/2026 03:08 PM"
"A0058579660","8/7/2026 03:14 PM"
"A0058579871","7/13/2026 01:35 PM"
"A0058588407","6/26/2026 04:24 PM"
"A0058602321","6/2/2026 06:43 PM"
"A0058607230","6/26/2026 04:14 PM"
"A0058607804","6/7/2026 06:21 PM"
"A0058609148","7/3/2026 07:04 PM"
"A0058612311","6/13/2026 03:00 PM"
"A0058612477","6/4/2026 01:06 PM"
"A0058613596","7/13/2026 01:35 PM"
"A0058615060","9/3/2026 12:27 PM"
"A0058616717","7/13/2026 01:35 PM"
"A0058619294","6/7/2026 03:16 PM"
"A0058625088","7/8/2026 04:57 PM"
"A0058626477","6/9/2026 11:31 AM"
"A0058627915","6/7/2026 03:16 PM"
"A0058629547","7/1/2026 03:01 PM"
"A0058634818","7/23/2026 01:14 PM"
"A0058635759","7/13/2026 01:35 PM"
"A0058637692","6/9/2026 10:42 AM"
"A0058638071","6/26/2026 04:18 PM"
"A0058643277","8/12/2026 03:47 PM"
"A0058648841","6/18/2026 04:03 PM"
"A0058652764","6/26/2026 04:24 PM"
"A0058655383","6/13/2026 03:03 PM"
"A0058658572","6/11/2026 02:44 PM"
"A0058659823","6/18/2026 04:00 PM"
"A0058663424","8/11/2026 03:39 PM"
"A0058663440","8/11/2026 03:46 PM"
"A0058663456","8/11/2026 03:35 PM"
"A0058666623","7/13/2026 01:35 PM"
"A0058668136","7/13/2026 01:35 PM"
"A0058673772","6/13/2026 03:04 PM"
"A0058679072","6/18/2026 04:03 PM"
"A0058682196","7/5/2026 04:10 PM"
"A0058686635","8/13/2026 06:03 PM"
"A0058696422","8/21/2026 03:39 PM"
"A0058696448","8/21/2026 03:26 PM"
"A0058696461","8/21/2026 03:18 PM"
"A0058706791","6/18/2026 04:03 PM"
"A0058711155","8/8/2026 12:23 PM"
"A0058722499","7/24/2026 12:00 AM"
"A0058722586","7/24/2026 01:08 PM"
"A0058728393","6/26/2026 04:14 PM"
"A0058728472","6/18/2026 12:06 PM"
"A0058730013","7/3/2026 01:36 PM"
"A0058732049","6/24/2026 12:57 PM"
"A0058734729","7/13/2026 01:20 PM"
"A0058735374","6/26/2026 04:18 PM"
"A0058740012","8/13/2026 02:18 PM"
"A0058743820","6/20/2026 02:22 PM"
"A0058754218","7/13/2026 01:15 PM"
"A0058754236","7/13/2026 01:24 PM"
"A0058754247","7/13/2026 01:13 PM"
"A0058756423","6/26/2026 03:14 PM"
"A0058757108","7/2/2026 10:38 AM"
"A0058762135","7/13/2026 01:35 PM"
"A0058762439","7/3/2026 04:14 PM"
"A0058763780","7/13/2026 01:35 PM"
"A0058766779","7/5/2026 04:10 PM"
"A0058771442","7/13/2026 01:35 PM"
"A0058778619","7/13/2026 01:30 PM"
"A0058782548","7/13/2026 01:25 PM"
"A0058788849","9/28/2026 03:06 PM"
"A0058795005","7/5/2026 04:10 PM"
"A0058795391","7/13/2026 01:35 PM"
"A0058797463","9/24/2026 03:02 PM"
"A0058809387","7/1/2026 10:59 AM"
"A0058813352","9/18/2026 03:07 PM"
"A0058816172","8/4/2026 12:19 PM"
"A0058817270","8/26/2026 01:17 PM"
"A0058817285","8/26/2026 01:18 PM"
"A0058817316","8/25/2026 01:20 PM"
"A0058820168","7/20/2026 12:55 PM"
"A0058820818","7/9/2026 03:29 PM"
"A0058822047","7/13/2026 01:30 PM"
"A0058827139","9/9/2026 12:49 PM"
"A0058831101","7/13/2026 01:30 PM"
"A0058838236","7/7/2026 12:00 PM"
"A0058838252","7/7/2026 12:00 PM"
"A0058841665","7/13/2026 01:30 PM"
"A0058844546","7/8/2026 05:09 PM"
"A0058847356","7/13/2026 01:25 PM"
"A0058848637","7/13/2026 01:30 PM"
"A0058850516","7/20/2026 03:26 PM"
"A0058853857","7/13/2026 01:30 PM"
"A0058855116","7/13/2026 01:25 PM"
"A0058855489","7/13/2026 01:35 PM"
"A0058856656","7/13/2026 01:35 PM"
"A0058858235","7/20/2026 03:26 PM"
"A0058867555","7/13/2026 01:35 PM"
"A0058869732","9/15/2026 01:14 PM"
"A0058870352","7/13/2026 01:30 PM"
"A0058870361","7/13/2026 01:30 PM"
"A0058870368","7/13/2026 01:30 PM"
"A0058870423","7/10/2026 06:00 PM"
"A0058872755","7/13/2026 01:35 PM"
"A0058875360","7/21/2026 02:26 PM"
"A0058875378","7/21/2026 02:40 PM"
"A0058875618","8/7/2026 09:40 AM"
"A0058879473","7/20/2026 03:26 PM"
"A0058879483","7/13/2026 01:35 PM"
"A0058882547","7/20/2026 03:26 PM"
"A0058884817","7/13/2026 01:24 PM"
"A0058886517","7/13/2026 01:24 PM"
"A0058896193","9/3/2026 06:17 PM"
"A0058896630","9/16/2026 01:17 PM"
"A0058897336","7/12/2026 04:36 PM"
"A0058900098","7/20/2026 03:26 PM"
"A0058900557","7/20/2026 03:26 PM"
"A0058901520","7/20/2026 03:26 PM"
"A0058903045","9/5/2026 04:35 PM"
"A0058903060","9/5/2026 04:11 PM"
"A0058903073","9/5/2026 04:31 PM"
"A0058904100","8/19/2026 09:02 PM"
"A0058905604","7/14/2026 04:05 PM"
"A0058907750","8/27/2026 01:54 PM"
"A0058911318","7/17/2026 02:22 PM"
"A0058912660","9/7/2026 04:36 PM"
"A0058912760","8/25/2026 05:30 PM"
"A0058915433","7/15/2026 06:57 PM"
"A0058916541","7/20/2026 03:26 PM"
"A0058916889","7/21/2026 04:41 PM"
"A0058920051","7/19/2026 01:52 PM"
"A0058923804","7/20/2026 03:26 PM"
"A0058923964","7/20/2026 03:26 PM"
"A0058927320","7/17/2026 03:13 PM"
"A0058927325","7/17/2026 03:25 PM"
"A0058927329","7/17/2026 03:32 PM"
"A0058927336","7/17/2026 03:51 PM"
"A0058929784","8/5/2026 02:21 PM"
"A0058932264","7/20/2026 03:26 PM"
"A0058936565","7/20/2026 03:26 PM"
"A0058937435","8/8/2026 05:29 PM"
"A0058937667","7/21/2026 04:41 PM"
"A0058938147","8/6/2026 04:53 PM"
"A0058940286","9/26/2026 06:19 PM"
"A0058941410","9/17/2026 01:23 PM"
"A0058943403","7/26/2026 01:56 PM"
"A0058943849","8/28/2026 05:27 PM"
"A0058943859","8/19/2026 06:35 PM"
"A0058943866","9/23/2026 11:08 AM"
"A0058948806","8/8/2026 05:29 PM"
"A0058948812","8/7/2026 10:08 AM"
"A0058950523","7/28/2026 04:00 PM"
"A0058950641","9/2/2026 05:08 PM"
"A0058952168","9/6/2026 05:40 PM"
"A0058952223","7/22/2026 12:59 PM"
"A0058953982","9/6/2026 05:40 PM"
"A0058956070","9/6/2026 05:40 PM"
"A0058956679","8/14/2026 01:15 PM"
"A0058961127","9/9/2026 05:42 PM"
"A0058962398","8/7/2026 10:34 AM"
"A0058964897","8/8/2026 05:29 PM"
"A0058970450","8/7/2026 10:10 AM"
"A0058970456","7/29/2026 03:41 PM"
"A0058970953","9/6/2026 05:48 PM"
"A0058972613","8/27/2026 12:14 PM"
"A0058973981","7/28/2026 03:58 PM"
"A0058978092","7/29/2026 04:07 PM"
"A0058978189","8/8/2026 11:45 AM"
"A0058978213","8/7/2026 05:32 PM"
"A0058978654","8/7/2026 05:32 PM"
"A0058985496","9/6/2026 05:30 PM"
"A0058987569","8/4/2026 02:29 PM"
"A0058988613","8/28/2026 11:26 AM"
"A0058991756","9/17/2026 03:22 PM"
"A0058992977","9/2/2026 10:49 AM"
"A0058993234","8/7/2026 05:32 PM"
"A0058994481","8/16/2026 04:11 PM"
"A0058994579","7/28/2026 01:27 PM"
"A0058995935","9/17/2026 02:03 PM"
"A0058996759","8/20/2026 01:17 PM"
"A0058998237","7/29/2026 04:16 PM"
"A0058998761","8/7/2026 05:32 PM"
"A0058999057","9/6/2026 05:40 PM"
"A0058999518","8/7/2026 05:32 PM"
"A0059004782","7/29/2026 05:40 PM"
"A0059005672","8/8/2026 05:29 PM"
"A0059005850","9/3/2026 04:38 PM"
"A0059006004","9/6/2026 04:42 PM"
"A0059006048","9/12/2026 05:46 PM"
"A0059006751","8/14/2026 07:05 PM"
"A0059007738","8/8/2026 05:29 PM"
"A0059007742","9/19/2026 09:13 AM"
"A0059010208","8/8/2026 05:29 PM"
"A0059011050","8/7/2026 11:41 AM"
"A0059023440","8/7/2026 10:17 AM"
"A0059023455","9/17/2026 01:47 PM"
"A0059023830","8/7/2026 05:32 PM"
"A0059025512","8/7/2026 05:32 PM"
"A0059027650","8/8/2026 05:29 PM"
"A0059028091","9/6/2026 04:21 PM"
"A0059030332","8/19/2026 12:12 PM"
"A0059030945","8/28/2026 07:43 PM"
"A0059031231","9/6/2026 05:40 PM"
"A0059031986","9/11/2026 06:04 PM"
"A0059032318","8/29/2026 02:44 PM"
"A0059033724","8/16/2026 05:36 PM"
"A0059034031","8/26/2026 02:56 PM"
"A0059042315","9/6/2026 05:40 PM"
"A0059044513","9/16/2026 09:55 AM"
"A0059045109","8/8/2026 05:29 PM"
"A0059045111","9/4/2026 07:01 PM"
"A0059047525","8/21/2026 02:51 PM"
"A0059047527","9/6/2026 05:53 PM"
"A0059047534","9/6/2026 05:53 PM"
"A0059047768","8/22/2026 11:47 AM"
"A0059047995","8/7/2026 04:26 PM"
"A0059051392","8/5/2026 06:19 PM"
"A0059053506","9/4/2026 04:12 PM"
"A0059055459","8/21/2026 01:32 PM"
"A0059057788","9/20/2026 04:09 PM"
"A0059059299","8/28/2026 06:04 PM"
"A0059060477","8/11/2026 11:09 AM"
"A0059061882","9/6/2026 01:05 PM"
"A0059062583","8/23/2026 06:09 PM"
"A0059064014","8/16/2026 04:11 PM"
"A0059066466","8/16/2026 04:19 PM"
"A0059068647","8/21/2026 02:45 PM"
"A0059068907","9/6/2026 05:16 PM"
"A0059069137","8/19/2026 06:37 PM"
"A0059069720","8/28/2026 12:55 PM"
"A0059069956","8/19/2026 11:45 AM"
"A0059070942","9/6/2026 05:00 PM"
"A0059071245","8/23/2026 06:09 PM"
"A0059072898","8/23/2026 06:09 PM"
"A0059076639","8/22/2026 05:06 PM"
"A0059076738","8/28/2026 12:46 PM"
"A0059077476","9/20/2026 02:48 PM"
"A0059078775","8/26/2026 06:02 PM"
"A0059080152","8/16/2026 03:41 PM"
"A0059080643","9/3/2026 06:34 PM"
"A0059080810","9/6/2026 04:55 PM"
"A0059083104","8/29/2026 04:27 PM"
"A0059083921","8/23/2026 06:09 PM"
"A0059084840","8/24/2026 12:45 PM"
"A0059089087","9/17/2026 04:33 PM"
"A0059089105","9/10/2026 06:50 PM"
"A0059089132","8/26/2026 04:57 PM"
"A0059090299","9/4/2026 11:44 AM"
"A0059090536","8/20/2026 02:34 PM"
"A0059091185","9/24/2026 04:37 PM"
"A0059091250","9/10/2026 11:18 AM"
"A0059091500","8/23/2026 06:09 PM"
"A0059093171","8/23/2026 06:14 PM"
"A0059093469","9/6/2026 04:42 PM"
"A0059095523","8/20/2026 12:44 PM"
"A0059095636","9/5/2026 11:31 AM"
"A0059096476","9/20/2026 02:23 PM"
"A0059096501","9/6/2026 05:16 PM"
"A0059097186","8/21/2026 08:28 AM"
"A0059098443","9/3/2026 12:10 PM"
"A0059098998","8/20/2026 12:00 PM"
"A0059100213","9/9/2026 11:58 AM"
"A0059101291","8/23/2026 06:09 PM"
"A0059101393","8/23/2026 06:09 PM"
"A0059101670","1/27/2026 07:28 PM"
"A0059101770","8/23/2026 06:09 PM"
"A0059102003","8/21/2026 10:15 AM"
"A0059102424","8/23/2026 06:09 PM"
"A0059102980","8/21/2026 12:09 PM"
"A0059104668","8/28/2026 05:45 PM"
"A0059105371","8/20/2026 03:50 PM"
"A0059105728","9/6/2026 05:16 PM"
"A0059105766","9/5/2026 08:18 PM"
"A0059106761","9/17/2026 01:01 PM"
"A0059108642","8/20/2026 05:20 PM"
"A0059108642","8/20/2026 05:20 PM"
"A0059108937","8/28/2026 04:23 PM"
"A0059108957","8/28/2026 02:49 PM"
"A0059109555","9/4/2026 11:34 AM"
"A0059110503","9/16/2026 03:10 PM"
"A0059113748","9/3/2026 08:26 PM"
"A0059114202","8/19/2026 04:43 PM"
"A0059114213","8/28/2026 05:29 PM"
"A0059114218","8/28/2026 05:40 PM"
"A0059114222","8/23/2026 06:09 PM"
"A0059114272","8/19/2026 12:05 PM"
"A0059114457","8/20/2026 12:52 PM"
"A0059114517","9/6/2026 05:36 PM"
"A0059116037","8/25/2026 11:51 AM"
"A0059117627","8/28/2026 05:47 PM"
"A0059117737","8/23/2026 06:09 PM"
"A0059121452","9/6/2026 05:16 PM"
"A0059121527","8/23/2026 06:09 PM"
"A0059121809","9/20/2026 04:09 PM"
"A0059121860","9/6/2026 05:36 PM"
"A0059122204","8/27/2026 01:38 PM"
"A0059123537","9/16/2026 03:57 PM"
"A0059123747","8/23/2026 06:09 PM"
"A0059123893","8/23/2026 06:09 PM"
"A0059125272","8/26/2026 12:07 PM"
"A0059125495","8/21/2026 02:52 PM"
"A0059126703","8/27/2026 12:08 PM"
"A0059186726","9/7/2026 04:36 PM"
"A0059187326","9/6/2026 04:55 PM"
"A0059187357","9/6/2026 04:42 PM"
"A0059187897","8/28/2026 05:48 PM"
"A0059188328","9/6/2026 04:21 PM"
"A0059188894","8/19/2026 11:22 PM"
"A0059191607","9/20/2026 04:09 PM"
"A0059192169","8/19/2026 09:24 AM"
"A0059193088","9/10/2026 11:56 AM"
"A0059193435","9/6/2026 05:30 PM"
"A0059196405","9/22/2026 02:22 PM"
"A0059196423","9/3/2026 02:49 PM"
"A0059199426","9/11/2026 02:56 PM"
"A0059201452","9/20/2026 02:23 PM"
"A0059201506","8/23/2026 06:09 PM"
"A0059201579","8/25/2026 11:58 AM"
"A0059201841","8/28/2026 04:56 PM"
"A0059204350","8/25/2026 02:49 PM"
"A0059204663","8/20/2026 02:00 PM"
"A0059204957","8/28/2026 12:39 PM"
"A0059209048","9/24/2026 11:29 AM"
"A0059209398","9/7/2026 04:36 PM"
"A0059209562","8/26/2026 12:48 PM"
"A0059211044","8/25/2026 12:31 PM"
"A0059211166","9/20/2026 02:48 PM"
"A0059211192","9/24/2026 04:28 PM"
"A0059211223","9/18/2026 11:45 AM"
"A0059214231","8/25/2026 02:00 PM"
"A0059215791","9/4/2026 12:01 PM"
"A0059216974","8/24/2026 02:46 PM"
"A0059217071","8/28/2026 04:13 PM"
"A0059217133","9/6/2026 05:21 PM"
"A0059218046","9/7/2026 04:32 PM"
"A0059218047","9/4/2026 02:36 PM"
"A0059218068","8/24/2026 02:38 PM"
"A0059220107","8/22/2026 02:58 PM"
"A0059221336","8/28/2026 05:08 PM"
"A0059223256","8/28/2026 04:59 PM"
"A0059223836","8/23/2026 12:54 PM"
"A0059223851","9/9/2026 12:12 PM"
"A0059224207","9/6/2026 05:36 PM"
"A0059224364","9/6/2026 04:21 PM"
"A0059224903","8/28/2026 05:52 PM"
"A0059225099","9/20/2026 04:09 PM"
"A0059225391","9/7/2026 04:36 PM"
"A0059226558","9/6/2026 05:40 PM"
"A0059226845","9/6/2026 05:30 PM"
"A0059228456","9/20/2026 02:23 PM"
"A0059229518","8/29/2026 12:16 AM"
"A0059229633","8/24/2026 02:26 PM"
"A0059230047","9/6/2026 05:48 PM"
"A0059230076","9/6/2026 04:21 PM"
"A0059230095","9/3/2026 03:00 PM"
"A0059238550","9/6/2026 04:21 PM"
"A0059239705","8/28/2026 09:17 PM"
"A0059239719","8/28/2026 09:42 PM"
"A0059240381","9/2/2026 12:12 PM"
"A0059240909","9/6/2026 04:21 PM"
"A0059245257","9/20/2026 04:09 PM"
"A0059246410","9/7/2026 04:32 PM"
"A0059247670","9/6/2026 04:55 PM"
"A0059249931","9/6/2026 05:48 PM"
"A0059250212","9/7/2026 04:36 PM"
"A0059250440","9/7/2026 04:32 PM"
"A0059253592","8/28/2026 08:17 PM"
"A0059253890","9/6/2026 04:42 PM"
"A0059253900","9/6/2026 05:48 PM"
"A0059255827","9/20/2026 02:23 PM"
"A0059255890","9/6/2026 05:53 PM"
"A0059256270","9/15/2026 12:52 PM"
"A0059256330","9/15/2026 11:58 AM"
"A0059257262","9/6/2026 04:21 PM"
"A0059257490","9/4/2026 12:59 PM"
"A0059258383","9/6/2026 05:36 PM"
"A0059258400","9/20/2026 02:23 PM"
"A0059259739","9/16/2026 12:08 PM"
"A0059261154","9/7/2026 04:32 PM"
"A0059261659","9/6/2026 04:55 PM"
"A0059261687","9/6/2026 04:21 PM"
"A0059261979","9/20/2026 02:48 PM"
"A0059263622","9/3/2026 06:19 PM"
"A0059264961","9/10/2026 02:41 PM"
"A0059265066","9/6/2026 05:21 PM"
"A0059265558","9/10/2026 03:10 PM"
"A0059265573","9/12/2026 04:04 PM"
"A0059265664","9/20/2026 04:09 PM"
"A0059265677","9/20/2026 02:17 PM"
"A0059267031","9/19/2026 09:52 AM"
"A0059267035","9/17/2026 01:24 PM"
"A0059267774","9/20/2026 02:23 PM"
"A0059267775","9/6/2026 04:21 PM"
"A0059269284","9/6/2026 04:42 PM"
"A0059269457","9/5/2026 06:32 PM"
"A0059269530","9/8/2026 02:12 PM"
"A0059270667","9/6/2026 05:00 PM"
"A0059271815","9/6/2026 04:42 PM"
"A0059273417","9/4/2026 04:30 PM"
"A0059273664","9/7/2026 04:32 PM"
"A0059275084","9/12/2026 02:54 PM"
"A0059275098","9/20/2026 04:09 PM"
"A0059275363","9/6/2026 04:42 PM"
"A0059275556","9/6/2026 05:30 PM"
"A0059275577","9/6/2026 05:40 PM"
"A0059276482","9/20/2026 04:09 PM"
"A0059276979","9/7/2026 04:36 PM"
"A0059277630","9/6/2026 04:55 PM"
"A0059277660","9/6/2026 05:48 PM"
"A0059278395","9/6/2026 05:30 PM"
"A0059280782","9/6/2026 04:55 PM"
"A0059281698","9/10/2026 06:48 PM"
"A0059281963","9/6/2026 05:21 PM"
"A0059282712","9/6/2026 05:53 PM"
"A0059285580","9/20/2026 04:09 PM"
"A0059286155","9/7/2026 12:39 PM"
"A0059286171","9/6/2026 04:21 PM"
"A0059286592","9/5/2026 11:00 AM"
"A0059287820","9/6/2026 04:42 PM"
"A0059288339","9/6/2026 05:00 PM"
"A0059288794","9/3/2026 03:14 PM"
"A0059290504","9/6/2026 05:21 PM"
"A0059293093","9/6/2026 04:42 PM"
"A0059295258","9/5/2026 02:26 PM"
"A0059295522","9/4/2026 02:50 PM"
"A0059295669","9/6/2026 05:30 PM"
"A0059296351","9/7/2026 04:52 PM"
"A0059297376","9/7/2026 04:36 PM"
"A0059298192","9/6/2026 05:48 PM"
"A0059300610","9/7/2026 05:32 PM"
"A0059300947","9/7/2026 05:13 PM"
"A0059301016","9/6/2026 05:21 PM"
"A0059301395","9/6/2026 05:16 PM"
"A0059301693","9/20/2026 04:09 PM"
"A0059302714","9/20/2026 04:09 PM"
"A0059303488","9/20/2026 04:09 PM"
"A0059304038","9/5/2026 04:55 PM"
"A0059305120","9/20/2026 04:09 PM"
"A0059305155","9/15/2026 02:25 PM"
"A0059306070","9/5/2026 04:19 PM"
"A0059307815","9/20/2026 04:09 PM"
"A0059307907","9/20/2026 04:09 PM"
"A0059309162","9/20/2026 04:09 PM"
"A0059311371","9/25/2026 03:47 PM"
"A0059312751","9/17/2026 04:09 PM"
"A0059313478","9/11/2026 04:19 PM"
"A0059314264","9/9/2026 03:42 PM"
"A0059315135","9/9/2026 03:08 PM"
"A0059317876","9/20/2026 04:09 PM"
"A0059317990","9/11/2026 04:00 PM"
"A0059318122","9/20/2026 04:09 PM"
"A0059320626","9/20/2026 04:09 PM"
"A0059320912","9/8/2026 06:28 PM"
"A0059321101","9/9/2026 04:14 PM"
"A0059321315","9/8/2026 06:32 PM"
"A0059321671","9/22/2026 02:22 PM"
"A0059321777","9/17/2026 03:08 PM"
"A0059322059","9/9/2026 07:21 PM"
"A0059322064","9/10/2026 03:19 PM"
"A0059322610","9/10/2026 10:04 AM"
"A0059324050","9/12/2026 05:02 PM"
"A0059324101","9/20/2026 04:09 PM"
"A0059325351","9/16/2026 05:41 PM"
"A0059327037","9/22/2026 11:17 AM"
"A0059329584","9/17/2026 04:37 PM"
"A0059330167","9/20/2026 02:23 PM"
"A0059331165","9/20/2026 04:09 PM"
"A0059333929","9/20/2026 04:09 PM"
"A0059337825","9/20/2026 02:23 PM"
"A0059338894","9/12/2026 02:39 PM"
"A0059340615","9/20/2026 02:23 PM"
"A0059341953","9/25/2026 03:35 PM"
"A0059342416","9/26/2026 11:35 AM"
"A0059343758","9/20/2026 02:48 PM"
"A0059345547","9/28/2026 03:12 PM"
"A0059346628","9/20/2026 04:09 PM"
"A0059348553","9/19/2026 08:00 AM"
"A0059349702","9/20/2026 04:09 PM"
"A0059349803","9/17/2026 05:48 PM"
"A0059353643","9/24/2026 04:19 PM"
"A0059354459","9/22/2026 12:48 PM"
"A0059356380","9/20/2026 04:09 PM"
"A0059357256","9/20/2026 04:09 PM"
"A0059358175","9/20/2026 04:09 PM"
"A0059358610","9/20/2026 02:23 PM"
"A0059359249","9/20/2026 02:48 PM"
"A0059359251","9/20/2026 02:23 PM"
"A0059359295","9/23/2026 12:28 PM"
"A0059359687","9/22/2026 04:26 PM"
"A0059361697","9/15/2026 01:45 PM"
"A0059362281","9/19/2026 03:29 PM"
"A0059363072","9/20/2026 02:17 PM"
"A0059363153","9/26/2026 03:33 PM"
"A0059364035","9/20/2026 02:48 PM"
"A0059364413","9/20/2026 04:09 PM"
"A0059366639","9/20/2026 02:23 PM"
"A0059366693","9/20/2026 01:26 PM"
"A0059368995","9/16/2026 02:41 PM"
"A0059369289","9/24/2026 12:12 PM"
"A0059374255","9/16/2026 06:00 PM"
"A0059375025","9/18/2026 09:27 AM"
"A0059376296","9/20/2026 04:09 PM"
"A0059378143","9/22/2026 02:30 PM"
"A0059378247","9/17/2026 01:20 PM"
"A0059378340","9/17/2026 06:38 PM"
"A0059378573","9/26/2026 12:24 PM"
"A0059379214","9/20/2026 02:23 PM"
"A0059381706","9/20/2026 02:48 PM"
"A0059384266","9/20/2026 02:48 PM"
"A0059384435","9/20/2026 02:48 PM"
"A0059385021","9/18/2026 01:33 PM"
"A0059385390","9/18/2026 01:22 PM"
"A0059386437","9/19/2026 04:00 PM"
"A0059387271","9/20/2026 04:09 PM"
"A0059387378","9/20/2026 04:09 PM"
"A0059389207","9/20/2026 02:17 PM"
"A0059390003","9/20/2026 02:48 PM"
"A0059390859","9/19/2026 02:38 PM"
"A0059390862","9/19/2026 02:21 PM"
"A0059390917","9/20/2026 04:09 PM"
"A0059395692","9/23/2026 01:05 PM"
"A0059399658","9/23/2026 04:56 PM"
"A0059401825","9/23/2026 10:42 AM"
"A0059407761","9/26/2026 02:43 PM"
"A0059418152","9/25/2026 04:50 PM"
"A0059422911","9/24/2026 03:10 PM"
"A0059422943","9/24/2026 03:17 PM"
"A0059422959","9/24/2026 03:03 PM"
"A0059427660","9/26/2026 06:12 PM"
"A0059432168","9/26/2026 03:50 PM"
"A0059437247","9/26/2026 03:11 PM"
"A0059437638","9/26/2026 03:02 PM"
"A0059440675","9/26/2026 07:29 PM"
"A0059442834","9/27/2026 11:30 AM"
