,AnimalNumber,AnimalType,AnimalName,Age_x,ColorAndBreed,Stage,Location_x,DateOfBirth,Sex_x,AnimalWeight,NumberOfPictures,IntakeDateTime,ARN,MicrochipNumber,PlayStyle,Result,ExpirationDate,FosterReason,ShortURL,HoldReason,DogTest,PlayGroup,Behavior,HomeNotes,IntakeDate_x,Level_x,gid,Animal ID,Level_y,Level Reason,Special Intake Information,HW,Sex_y,Microchip ID,Rabies Revaccination Date,Weight,Hold,Current Status,Age_y,Location_y,Short URL,Foster Start Reason,Leash Skills,Dog Interaction,Cat Interaction,Kid Interaction,Crate Trained,Potty Skills,Cuddle Meter,Energy/Activity Level,DOB,IntakeDate_y,Color & Breed,More about me,Play Style,Playgroup Notes,"""Dog Test"" Notes",Behavior Notes,Foster/Home Notes,completed
41,A0053637026,Dog,ZURI,02 year(s) 10 month(s) 08 day(s)," Brown Poodle, Miniature / Mix",Court,Foster Foster Home,6/15/2022,F,18,1,6/15/2023 05:08 PM,A899774,,,Negative,,Court,,Court Mandate,,,,,6/15/2023,,1204896504491939,A0053637026,,A899774,,-,F,,,18,Court Mandate,Court,02 year(s) 10 month(s) 07 day(s),Foster Foster Home,,Court,,,,,,,,,,2023-06-24," Brown Poodle, Miniature / Mix",,,,,,,False
50,A0054058725,Dog,Twix,01 year(s) 10 month(s) 24 day(s),"Brindle Brown / White Terrier, Pit Bull / Mix",Microchip,Dog Intake 128.03,5/30/2023,S,20,1,4/22/2025 09:06 AM,L1,941000028278929,,,9/6/2024,,,Microchip,,,,,4/22/2025,L1,1205392299726399,A0054058725,L1,L1,,,S,941000028278929,9/6/2024,20,Microchip,Microchip,01 year(s) 10 month(s) 23 day(s),Dog Intake 128.03,,,,,,,,,,,5/30/2023,8/30/2023,"Brindle Brown / White Terrier, Pit Bull / Mix",,,,,,,True
76,A0055170623,Dog,Skylar,05 year(s) 02 month(s) 27 day(s)," Tan Terrier, American Pit Bull / Mix",Available,Foster Foster Home,1/27/2020,S,24,3,1/26/2024 06:39 PM,L2 - BR,941010001833847,,Negative,3/20/2025,Behavior,https://bit.ly/Adopt-Skylar,,"4/9/2024 Skylar and 41 lb 1yr old unaltered female met through the play yard fences, had loose wiggly body language and circular tails.  The other pup was brought into the play yard with Skylar and did some parallel walks, and got some sniffs in.  We were able to drop leashes and allowed pet.DF",,"1/27/2024 The person that took her out of the car let me put the leash on her & he put her down. She started flipping out & going around my legs in circles & choking herself with the leash. Had to pick her up for her to stop. Put her down again & she did the same thing, then picked her up again & had to carry her inside to the run. -JP

2/20/2024 Unfamiliar with the leash, will dodge the lasso. We were able to leash her using treats. Scared to walk outside, go slow, she will get there. In the play yard we immediately dropped the leash. She was very submissive and affectionate, tail tucked, ears back, unsure of her surroundings. It didn't take long for her to realize she was safe. She accepted lots of treats and affection running back and forth between LR and SP leaning in for pets and giving kisses. SP and LR initiated play, she was a little startled and unsure for a split second, then realized it was play time! She has the cutest little zoomies and play bows. She enjoys running around with her people. Scared to walk on leash back inside, we went slow and she got there. Easily put a collar on her in hopes walking on leash will be less scary for her. Easily unleashed and re-kenneled. Very sweet!

3/29/2024 Frantic barking and pacing/jumping, wide eyed and tapping her feet up and down in kennel. Written up for traz and added to priority 

4/2/2024 intense BR, pacing, wide eyed, salivating

4/6/2024 written up for trazodone. frantic jumping and pacing at gate. kennel presence is awful. written up for trazodone",,1/26/2024,L2,1206468408858929,A0055170623,L2,L2 - BR,,-,S,941010001833847,3/20/2025,24,,Available,05 year(s) 02 month(s) 26 day(s),Foster Foster Home,https://bit.ly/Adopt-Skylar,Behavior,Pulls some but manageable,Has enjoyed interacting with other dogs,Positive interaction,,,,,,1/27/2020,2024-01-26," Tan Terrier, American Pit Bull / Mix",,,,"4/9/2024 Skylar and 41 lb 1yr old unaltered female met through the play yard fences, had loose wiggly body language and circular tails.  The other pup was brought into the play yard with Skylar and did some parallel walks, and got some sniffs in.  We were able to drop leashes and allowed pet.DF","1/27/2024 The person that took her out of the car let me put the leash on her & he put her down. She started flipping out & going around my legs in circles & choking herself with the leash. Had to pick her up for her to stop. Put her down again & she did the same thing, then picked her up again & had to carry her inside to the run. -JP

2/20/2024 Unfamiliar with the leash, will dodge the lasso. We were able to leash her using treats. Scared to walk outside, go slow, she will get there. In the play yard we immediately dropped the leash. She was very submissive and affectionate, tail tucked, ears back, unsure of her surroundings. It didn't take long for her to realize she was safe. She accepted lots of treats and affection running back and forth between LR and SP leaning in for pets and giving kisses. SP and LR initiated play, she was a little startled and unsure for a split second, then realized it was play time! She has the cutest little zoomies and play bows. She enjoys running around with her people. Scared to walk on leash back inside, we went slow and she got there. Easily put a collar on her in hopes walking on leash will be less scary for her. Easily unleashed and re-kenneled. Very sweet!

3/29/2024 Frantic barking and pacing/jumping, wide eyed and tapping her feet up and down in kennel. Written up for traz and added to priority 

4/2/2024 intense BR, pacing, wide eyed, salivating

4/6/2024 written up for trazodone. frantic jumping and pacing at gate. kennel presence is awful. written up for trazodone",,False
117,A0056140864,Dog,Dom - ADOPTED,01 year(s) 01 month(s) 06 day(s)," Black Terrier, Pit Bull / Mix",Trial Adoption,Foster Trial Adoption,3/17/2024,M,19,1,12/29/2024 03:27 PM,L1,941010002007418,,,6/20/2025,Trial Adoption,https://bit.ly/Adopt-Dom,,,,6/15/2024 easily handled,"12/29/2024 Adoption Return (This pet was adopted from this shelter.)How long have you had this dog? 6 monthsIf this dog is heartworm positive, did you start heartworm treatment? NoDoes this dog take any medication or have any known medical issues, injuries, or allergies? If yes, please explain noWhy are you bringing this dog back to the shelter? Time commitmentPlease explain in your own words, why you need to return this dog I don't have enough time and financial issuesWhile in your care, did this dog live with children? NoHow would you describe this dog's behavior towards the children? Mostly FriendlyIf this dog didn't live with children, how often did this dog interact with children? NeverWhat does this dog do if a child is crying or screaming? Never been around childrenWhat does this dog do if a child runs towards them? never been around childrenWhat does this dog do if a child tries to hug them? never been around childrenWhat does this dog do if a child touches/pets them? never been around childrenWhat does this dog do if they see a child on a bike? never been around childrenWhat does this dog do if they see a child running? never been around childrenWhat does this dog do if someone picks up a child? never been around childrenIf this dog has had issues with children that include behavior such as growling, snapping, or showing teeth, please describe the circumstance, tell us how often and give as much detail as possible NoneWhat other animals did this dog live with in your home? Large dog(s)If other animals lived in the home, how well did this dog get along with them? very playful with other dogIf this dog met or played with other dogs please describe their body language: Wiggly, Excited, SubmissiveHas this dog ever fought with another dog? If yes, please describe the incident noHas this dog ever injured another dog? If yes, please describe the incident noHow does this dog react when they see an outside cat? ran towards the catHow does this dog react when they see a small animal like a squirrel? might run towards the squirrelHas this dog ever killed a prey animal? (mouse, bird, rabbit, etc) If yes, please describe the incident noHas this dog ever injured or killed another pet? If yes, please describe the incident noHow does this dog react when they see another dog outside? a little scared but wants to playIs this dog's behavior different on or off leash when they see a dog outside? no same behavior on and off leashWhere did this dog spend most of their time? InsideHow long did this dog spend outside each day? 30 minutesDo you have a fenced yard? NoIf you do not have a fenced yard, do you: Walk the dog on a leashHow did you exercise this dog? walk the dogHow often did you exercise this dog? DailyHow often did you take this dog for leash walks? More than once a dayWhat kind of collar did you use for this dog? Buckle collarHow was this dog on a leash? Great on a leashHave you ever taken this dog to a training class? NoHave you trained this dog yourself? YesWhat kind of training tools have you tried with this dog? Treats, PraiseWhat commands does this dog know? Sit, Down, ComeWhich behaviors does this dog need improvement on? noneWhich games does this dog like? Tug, Chase, WrestlingWhat type of toys does this dog like? Balls, Squeaky, Tug toy, Bones/Nylabones/ChewsWhen the dog played did they typically Jump, Growl, Bite lightlyHow long each day was this dog left alone inside your home? 8 hoursWhen left inside your home alone, was this dog CratedWhen this dog was left alone did they show any of the following behaviors? noneIs this dog crate trained? YesHow many hours did this dog stay crated? 4-8 hoursHow often did this dog have potty accidents in the house? DailyHow often did this dog destroy things? NeverIf this dog destroys things, is it only when left alone? NoWhat items did this dog destroy? Dog toysWhat does this dog do when someone knocks at the door? barksWhat does this dog do when a stranger/visitor comes into the house? just sit and watchWhat does this dog do when a visitor tries to pet them? let them petWhat does this dog do when a stranger approaches you on a walk? growls a littleWhat does this dog do when a stranger tries to pet them while on a leash with you? let them petWhat does this dog do when a stranger walks past the car with them inside? nothing just sitWhat does this dog do when unfamiliar people walk by while they are in the yard? barkWhat does this dog do when you or someone else goes near the food bowl while they are eating? nothing keeps eatingWhat does this dog do when someone tries to take away toys, bones, food, or anything the dog decides is valuable? nothingWhat does this dog do when someone tells them to get off of furniture? gets off the furnitureWhat does this dog do when someone tries to give them a hug? let them give him a hugWhat does this dog do when someone reprimands them? Sits with sad faceWhat is this dog's best quality? eating, playfulWhat is this dog's worst quality? still not potty trainedCheck all that apply to this dog's personality: Friendly, Shy, Clingy, Playful, AffectionateIn your own words, describe this dog's personality very playful dog, wants to be around you all the time, loves water and loves being outsideAll dogs are afraid of something other dogs, still not use to seeing and being other big dogsAll dogs have sensitive places faceAll dogs become annoyed or irritated at times nothingHave you seen them act aggressively toward anyone? NoWould you like to be notified if this animal is ever at risk for euthanasia? Yes ",12/29/2024,L1,1207581125759156,A0056140864,L1,L1,,,M,941010002007418,6/20/2025,19,,Trial Adoption,01 year(s) 01 month(s) 05 day(s),Foster Trial Adoption,https://bit.ly/Adopt-Dom,Trial Adoption,Walks politely on leash,Lived with dogs,,,Has done well in a crate.,Still working on it,,2-Medium energy,4/27/2024,6/14/2024," Black Terrier, Pit Bull / Mix",,,,,6/15/2024 easily handled,"12/29/2024 Adoption Return (This pet was adopted from this shelter.)How long have you had this dog? 6 monthsIf this dog is heartworm positive, did you start heartworm treatment? NoDoes this dog take any medication or have any known medical issues, injuries, or allergies? If yes, please explain noWhy are you bringing this dog back to the shelter? Time commitmentPlease explain in your own words, why you need to return this dog I don't have enough time and financial issuesWhile in your care, did this dog live with children? NoHow would you describe this dog's behavior towards the children? Mostly FriendlyIf this dog didn't live with children, how often did this dog interact with children? NeverWhat does this dog do if a child is crying or screaming? Never been around childrenWhat does this dog do if a child runs towards them? never been around childrenWhat does this dog do if a child tries to hug them? never been around childrenWhat does this dog do if a child touches/pets them? never been around childrenWhat does this dog do if they see a child on a bike? never been around childrenWhat does this dog do if they see a child running? never been around childrenWhat does this dog do if someone picks up a child? never been around childrenIf this dog has had issues with children that include behavior such as growling, snapping, or showing teeth, please describe the circumstance, tell us how often and give as much detail as possible NoneWhat other animals did this dog live with in your home? Large dog(s)If other animals lived in the home, how well did this dog get along with them? very playful with other dogIf this dog met or played with other dogs please describe their body language: Wiggly, Excited, SubmissiveHas this dog ever fought with another dog? If yes, please describe the incident noHas this dog ever injured another dog? If yes, please describe the incident noHow does this dog react when they see an outside cat? ran towards the catHow does this dog react when they see a small animal like a squirrel? might run towards the squirrelHas this dog ever killed a prey animal? (mouse, bird, rabbit, etc) If yes, please describe the incident noHas this dog ever injured or killed another pet? If yes, please describe the incident noHow does this dog react when they see another dog outside? a little scared but wants to playIs this dog's behavior different on or off leash when they see a dog outside? no same behavior on and off leashWhere did this dog spend most of their time? InsideHow long did this dog spend outside each day? 30 minutesDo you have a fenced yard? NoIf you do not have a fenced yard, do you: Walk the dog on a leashHow did you exercise this dog? walk the dogHow often did you exercise this dog? DailyHow often did you take this dog for leash walks? More than once a dayWhat kind of collar did you use for this dog? Buckle collarHow was this dog on a leash? Great on a leashHave you ever taken this dog to a training class? NoHave you trained this dog yourself? YesWhat kind of training tools have you tried with this dog? Treats, PraiseWhat commands does this dog know? Sit, Down, ComeWhich behaviors does this dog need improvement on? noneWhich games does this dog like? Tug, Chase, WrestlingWhat type of toys does this dog like? Balls, Squeaky, Tug toy, Bones/Nylabones/ChewsWhen the dog played did they typically Jump, Growl, Bite lightlyHow long each day was this dog left alone inside your home? 8 hoursWhen left inside your home alone, was this dog CratedWhen this dog was left alone did they show any of the following behaviors? noneIs this dog crate trained? YesHow many hours did this dog stay crated? 4-8 hoursHow often did this dog have potty accidents in the house? DailyHow often did this dog destroy things? NeverIf this dog destroys things, is it only when left alone? NoWhat items did this dog destroy? Dog toysWhat does this dog do when someone knocks at the door? barksWhat does this dog do when a stranger/visitor comes into the house? just sit and watchWhat does this dog do when a visitor tries to pet them? let them petWhat does this dog do when a stranger approaches you on a walk? growls a littleWhat does this dog do when a stranger tries to pet them while on a leash with you? let them petWhat does this dog do when a stranger walks past the car with them inside? nothing just sitWhat does this dog do when unfamiliar people walk by while they are in the yard? barkWhat does this dog do when you or someone else goes near the food bowl while they are eating? nothing keeps eatingWhat does this dog do when someone tries to take away toys, bones, food, or anything the dog decides is valuable? nothingWhat does this dog do when someone tells them to get off of furniture? gets off the furnitureWhat does this dog do when someone tries to give them a hug? let them give him a hugWhat does this dog do when someone reprimands them? Sits with sad faceWhat is this dog's best quality? eating, playfulWhat is this dog's worst quality? still not potty trainedCheck all that apply to this dog's personality: Friendly, Shy, Clingy, Playful, AffectionateIn your own words, describe this dog's personality very playful dog, wants to be around you all the time, loves water and loves being outsideAll dogs are afraid of something other dogs, still not use to seeing and being other big dogsAll dogs have sensitive places faceAll dogs become annoyed or irritated at times nothingHave you seen them act aggressively toward anyone? NoWould you like to be notified if this animal is ever at risk for euthanasia? Yes ",False
164,A0056583350,Dog,Hershey,06 year(s) 08 month(s) 05 day(s)," Blond Retriever, Labrador / Mix",Available,Foster Foster Home,8/18/2018,N,2,2,8/16/2024 07:58 PM,L1,941010002312375,C-Selective,Positive,9/13/2025,Lack of Space,https://bit.ly/Adopt-Hershey,,,8/20/2024 Gentle dainty.  Greeter. Aloof. Good w/corrections,"8/18/2024 Easily handled in the kennel and during the intake exam. 

8/28/2024 Personality:Dog Test 1: tested with popa smirf. really tight body language. hackles raised but not aggressive just really unsure and uncomfortable. would be a nice low energy family dog. could get use to other dogs but it should be slow intro Medical:  HW positive  How Do I Handle Stress?   kind of just unsure but sweet What Do I Need Help With Most?  being more comfortable The Most Memorable Thing About Me:  sweet low energy dog Intake Info: stray What is my strategic out? old man dog low energy and sweet Ongoing care: heart worm treatment and slow care Other notes: not a fan of baths. attempted to give him a bath and he was not having it ",,8/16/2024,L1,1208080460628181,A0056583350,L1,L1,,+,N,941010002312375,9/13/2025,2,,Available,06 year(s) 08 month(s) 04 day(s),Foster Foster Home,https://bit.ly/Adopt-Hershey,Lack of Space,,,,,,,,,,8/16/2024," Blond Retriever, Labrador / Mix",,C-Selective,8/20/2024 Gentle dainty.  Greeter. Aloof. Good w/corrections,,"8/18/2024 Easily handled in the kennel and during the intake exam. 

8/28/2024 Personality:Dog Test 1: tested with popa smirf. really tight body language. hackles raised but not aggressive just really unsure and uncomfortable. would be a nice low energy family dog. could get use to other dogs but it should be slow intro Medical:  HW positive  How Do I Handle Stress?   kind of just unsure but sweet What Do I Need Help With Most?  being more comfortable The Most Memorable Thing About Me:  sweet low energy dog Intake Info: stray What is my strategic out? old man dog low energy and sweet Ongoing care: heart worm treatment and slow care Other notes: not a fan of baths. attempted to give him a bath and he was not having it ",,False
182,A0056886611,Dog,Avril Lavigne,00 year(s) 09 month(s) 30 day(s)," Tan / White Mixed Breed, Small (under 24 lbs fully grown) / Mix",Available,Receiving 130 Crate,6/24/2024,S,17,1,4/22/2025 04:43 PM,L1,941010002385750,,,9/24/2025,,,,,,9/15/2024 easily handled in the kennel and during the intake exam ,,4/22/2025,L1,1208310967632793,A0056886611,L1,L1,,,F,,,14,,Stray Wait,,Puppy 48 2,,,,,,,,,,,,9/14/2024," Tan / White Mixed Breed, Small (under 24 lbs fully grown) / Mix",,,,,9/15/2024 easily handled in the kennel and during the intake exam ,,True
203,A0057033891,Dog,Samantha,01 year(s) 06 month(s) 15 day(s)," Tan Chihuahua, Short Coat / Mix",Available,Foster Foster Home,10/8/2023,S,11,1,10/7/2024 05:58 PM,L1,941010002869404,,Negative,1/17/2026,Medical,,,,,10/8/2024 easily handled,,10/7/2024,L1,1208506851130284,A0057033891,L1,L1,,-,S,941010002869404,1/17/2026,11,,Available,01 year(s) 06 month(s) 14 day(s),Foster Foster Home,,Medical,,,,,,,,,10/8/2023,10/7/2024," Tan Chihuahua, Short Coat / Mix",,,,,10/8/2024 easily handled,,False
365,A0057785196,Dog,Montoya,00 year(s) 05 month(s) 19 day(s), Black German Shepherd / Mix,Available,Foster Foster Home,11/4/2024,N,9,1,4/21/2025 01:02 PM,L1,941010003019012,,,2/10/2026,Lack of Space,,,,,2/4/2025 easily handled while in intake and during exam,,4/21/2025,L1,1209325217954507,A0057785196,L1,L1,,,N,941010003019012,2/10/2026,9,,Available,00 year(s) 05 month(s) 18 day(s),Receiving 130 13,,,,,,,,,,,11/4/2024,2/3/2025, Black German Shepherd / Mix,,,,,2/4/2025 easily handled while in intake and during exam,,False
394,A0057858378,Dog,Patootie,10 year(s) 02 month(s) 08 day(s)," Black / Brown Terrier, Yorkshire / Mix",Court,Dog ISO 156 C3,2/15/2015,M,11,2,2/15/2025 02:56 PM,L1,941010002425360,,Negative,2/21/2026,,,Court Mandate,,,2/15/2025 easily handled,,2/15/2025,L1,1209416433533465,A0057858378,L1,L1,,-,M,941010002425360,2/21/2026,11,Court Mandate,Court,10 year(s) 02 month(s) 07 day(s),Dog ISO 156 C3,,,,,,,,,,,2/15/2015,2/15/2025," Black / Brown Terrier, Yorkshire / Mix",,,,,2/15/2025 easily handled,,False
405,A0057879296,Dog,Sanchez,08 year(s) 02 month(s) 04 day(s), Brown / White Terrier / Mix,Available,Foster Foster Home,2/19/2017,N,14,3,3/31/2025 03:26 PM,L1,941010002334873,,Negative,2/19/2026,Lack of Space,https://bit.ly/Adopt_Sanchez,,,,2/19/2025 Easily handled during the exam.,"4/1/2025 SANCHEZ – Adoption Return 3/31 Does this dog take any medication or have any known medical issues, injuries, or allergies? If yes, please explain He had worms, but hes finished with medication. He had kennel cough, hes finished with that too. Hes fine now. But desperately needs dental care.How long have you had this dog? 34 days as of March 31st. I adopted him on Feb 28.This dog is a Adoption Return (This pet was adopted from this shelter.)What is the main reason you are bringing this dog back to the shelter? He's sweet but growls in bed or if hes moved from one spot to another. As long as you dont do that, hes a GREAT Boy.Please explain in your own words, why you need to return this dog today It is with great sadness that I have come to the conclusion ""Sanchez"" and I are not a long term fit for eachother. Sanchez is housebroken, wonderful on a leash and loves to sit on laps. However, he growls and bares his teeth if he is moved from one spot to the next - if he is happily on a lap, or in the bed, he will growl if you try to move him so you can stand up. While he has not bitten - it’s triggering my PTSD and causing me to cry and a whole host of other issues. I live in a small RV - so there is limited space and it’s common thru out the day I have to move him out of the way which results in the growling, teeth which scares me so much. I don’t think he would really bite - but it’s extremely unsettling for me as a person with SEVERE PTSD. He loves to sit with my family on their laps in recliners - this is when he is happiest! They have cats though, and he is a CAT chaser. He would not be good in a home with a cat at all. He loves to chase a ball and run! He is very fast and chases squirrels, cats, and even chased a truck too! LOL He must be on a leash, lead or in a fenced yard. My family has a medium sized older calm dog - and they get along just fine. They are already good buddies. I have not taken him to a dog park, so I don’t know how he might be with other dogs. He has been calm and easy going during two baths and two nail trims. He does not mind at all if you look in his mouth or give him a pill. But I cannot get my face near him to kiss him, nor move him once he is resting in a spot without growling and teeth baring. He absolutely LOVES to sit in the lap of someone with a recliner and be petted! He will cry at my family’s house next door - to get INSIDE to sit with someone on the recliner. But God forbid I pick him up and try to take him back home next door He knows SIT and COME HERE. I feel terribly about this - but with my PTSD I cannot have a pet in my bed, in such a small RV that is growling and baring teeth, even IF he is not going to bite. Much of this is probably just a CHIHUAHUA trait. Someone that has HAD chihuahuas would be better for him - but it just unnerves me too much to handle long term. I need a dog that is HAPPY to receive hugs in the bed and kisses on the top of his head. But each time he growls - my distress grows and I cannot bond with him. This is probably TMI (Too much info) but I want to make clear that for me it’s an untenable situation. My PTSD causes me to vomit when I get triggered. Last year it was so bad I was throwing up once a day, sometimes more. For the last 8 months, I have not had any issues. Since having Sanchez, he has triggered it so many times - that I cannot have him long term. I have a unique situation - I just cannot go back to a life where I am vomiting every few days from a dog scaring me.While in your care, did this dog live with children? NoIf this dog has had issues with children that include behavior such as growling, snapping, or showing teeth, please describe the circumstance, tell us how often and give as much detail as possible Hes not going to be a good fit with little children.What other animals did this dog live with in your home? My neighbor has a medium dog. They got along GREAT! But he doesnt like dogs walking by the house! He loves my neighbors dog, they hang out, play together. It is a calm gentle medium dog.If other animals lived in the home, how well did this dog get along with them? Great!If this dog met or played with other dogs please describe their body language: ExcitedHas this dog ever fought with another dog? If yes, please describe the incident No.Has this dog ever injured another dog? If yes, please describe the incident NoHow does this dog react when they see a prey animal (squirrel, mouse, bird) or cat outside? He loves to chase squirrels and cats. He is not good with cats.Has this dog ever killed a prey animal or pet? If yes, please describe the incident NoIs there any other information you would like to share about this dog interacting with other animals? I have written a BIO for him - Mister Sanchez is a 8 year old, 14 pound chihuahua mix with a great SMILE and a love for LazyBoy recliners! He enjoys having his head and neck rubbed while you watch TV. He is perfectly house trained and goes to the door to let you know it’s time. He loves chasing a squeaky ball and squirrels. He loves to chase cats too, so it’s best if you don’t have any. He prefers a relaxed mature human, no roughhousing or kids. He is getting along great with our senior dog but he does resource guard his toys. He doesn’t mind being dressed up, taking a bath or nail clippings. He just doesn’t like being moved once he is comfy, and not a fan of faces close to his. He has a whole suitcase of toys, clothes and food. He is in good health but will need a dental visit soon for plaque and loose teeth. He is great on a leash and loves car rides! Sanchez knows SIT and COME HERE. He will bark to let you know someone has arrived outside, but he stops once he sees what it’s all about. He sees a friend in everyone he meets and even loves the vet! He is happiest sitting on a cushion in the sun or in your lap on the couch.Where did this dog spend most of their time? BothDo you have a fenced yard? NoIf you do not have a fenced yard, do you: Have a tie-out or runnerHow did you exercise this dog? A runner and leash and just throwing a ball and he brings it backHow often did you exercise this dog? DailyWhat kind of collar did you use for this dog? Buckle collarHow was this dog on a leash? Great on a leashHave you ever taken this dog to a training class? NoWhat commands does this dog know? He knows Sit and Come Here.Which behaviors does this dog need improvement on? He just dont like a bunch of cuddling or kissing. But he loves to sit on a lap. He resource guards toys and bed.When the dog played did they typically He loves chasing a ball. Hes not into playing with a person.How long each day was this dog left alone inside your home? I work from home. So hes just with me all day.When left inside your home alone, was this dog Able to roam freeWhen this dog was left alone did they show any of the following behaviors? He might bark a little when you leave but he stops. If i give him a chewy treat as i leave, hes super happy & that distracts him.Is this dog crate trained? We never made this dog stay in a crate.How often did this dog have potty accidents in the house? NeverHow often did this dog destroy things other than toys? NeverIf this dog destroys things, is it only when left alone? NoWhat items did this dog destroy? Nothing. Hes a good boy.What does this dog do when a stranger/visitor comes into the house? He loves people. He loves everyone. Even the vet!What does this dog do when a stranger tries to pet them? If they are gentle he loves them.What does this dog do when you or someone else goes near the food bowl while they are eating? Hes fine with that.What does this dog do when someone tries to take away toys, bones, food, or anything the dog decides is valuable? He will growl if you try to touch his toys. He will growl if you bother him in a resting sleeping area. He doesnt like being moved once comfy. Even if its your lap.What does this dog do when someone tells them to get off of furniture? You have to be brave and get past the growling. He doesnt bite but he hates being moved. But you CAN move him.What is this dog's best quality? Perfectly house trained! Hes very friendly, he LOVES people. He loves to sit in a recliner in a lap.What is this dog's worst quality? Resource guarding of beds/sleeping. He doesnt want to be cuddled in a bed.Check all that apply to this dog's personality: Friendly, IndependentIn your own words, describe this dog's personality Independent Good Boy.What is this dog afraid of? How do they react? Cats. He barks crazy and chases them. He shouldnt be near cats.All dogs have sensitive places You can open his mouth. Touch his paws. His tail. He dont care.Have you seen them act aggressively toward anyone? YesHave you seen this dog snarl (show teeth) at someone? When? How often? Please explain He growls and can snarl if pressed. If you try to move him from the bed or a sleeping area. If you dont bother him. Youre fine.Has this dog growled at you or someone else? When? How often? Please explain He growls at any of us if we try to move him from sleeping/resting spots. Even our own laps. Once he is comfy, dont bother him. LolHas this dog snapped at you or someone else? When? How often? Please explain NoHas this dog ever bitten or nipped anyone while living with you? NoPlease tell us anything you would like us to know about this dog to help us find it an adoptive home I wrote a good bio. Please use it.Would you like to be notified if this animal is ever at risk for euthanasia? NoIf the animal is still here in 30 days, would you like us to check in with you? No",3/31/2025,L1,1209449542710861,A0057879296,L1,L1,,-,N,941010002334873,2/19/2026,14,,Available,08 year(s) 02 month(s) 03 day(s),Foster Foster Home,https://bit.ly/Adopt_Sanchez,Lack of Space,Walks politely on leash,Has enjoyed interacting with other dogs,Does not like cats,Best with older kids ,,Has done well in a home. ,Let's get to know each other before cuddling,,2/19/2017,2/19/2025, Brown / White Terrier / Mix,"Loves toys, Loves car rides",,,,2/19/2025 Easily handled during the exam.,"4/1/2025 SANCHEZ – Adoption Return 3/31 Does this dog take any medication or have any known medical issues, injuries, or allergies? If yes, please explain He had worms, but hes finished with medication. He had kennel cough, hes finished with that too. Hes fine now. But desperately needs dental care.How long have you had this dog? 34 days as of March 31st. I adopted him on Feb 28.This dog is a Adoption Return (This pet was adopted from this shelter.)What is the main reason you are bringing this dog back to the shelter? He's sweet but growls in bed or if hes moved from one spot to another. As long as you dont do that, hes a GREAT Boy.Please explain in your own words, why you need to return this dog today It is with great sadness that I have come to the conclusion ""Sanchez"" and I are not a long term fit for eachother. Sanchez is housebroken, wonderful on a leash and loves to sit on laps. However, he growls and bares his teeth if he is moved from one spot to the next - if he is happily on a lap, or in the bed, he will growl if you try to move him so you can stand up. While he has not bitten - it’s triggering my PTSD and causing me to cry and a whole host of other issues. I live in a small RV - so there is limited space and it’s common thru out the day I have to move him out of the way which results in the growling, teeth which scares me so much. I don’t think he would really bite - but it’s extremely unsettling for me as a person with SEVERE PTSD. He loves to sit with my family on their laps in recliners - this is when he is happiest! They have cats though, and he is a CAT chaser. He would not be good in a home with a cat at all. He loves to chase a ball and run! He is very fast and chases squirrels, cats, and even chased a truck too! LOL He must be on a leash, lead or in a fenced yard. My family has a medium sized older calm dog - and they get along just fine. They are already good buddies. I have not taken him to a dog park, so I don’t know how he might be with other dogs. He has been calm and easy going during two baths and two nail trims. He does not mind at all if you look in his mouth or give him a pill. But I cannot get my face near him to kiss him, nor move him once he is resting in a spot without growling and teeth baring. He absolutely LOVES to sit in the lap of someone with a recliner and be petted! He will cry at my family’s house next door - to get INSIDE to sit with someone on the recliner. But God forbid I pick him up and try to take him back home next door He knows SIT and COME HERE. I feel terribly about this - but with my PTSD I cannot have a pet in my bed, in such a small RV that is growling and baring teeth, even IF he is not going to bite. Much of this is probably just a CHIHUAHUA trait. Someone that has HAD chihuahuas would be better for him - but it just unnerves me too much to handle long term. I need a dog that is HAPPY to receive hugs in the bed and kisses on the top of his head. But each time he growls - my distress grows and I cannot bond with him. This is probably TMI (Too much info) but I want to make clear that for me it’s an untenable situation. My PTSD causes me to vomit when I get triggered. Last year it was so bad I was throwing up once a day, sometimes more. For the last 8 months, I have not had any issues. Since having Sanchez, he has triggered it so many times - that I cannot have him long term. I have a unique situation - I just cannot go back to a life where I am vomiting every few days from a dog scaring me.While in your care, did this dog live with children? NoIf this dog has had issues with children that include behavior such as growling, snapping, or showing teeth, please describe the circumstance, tell us how often and give as much detail as possible Hes not going to be a good fit with little children.What other animals did this dog live with in your home? My neighbor has a medium dog. They got along GREAT! But he doesnt like dogs walking by the house! He loves my neighbors dog, they hang out, play together. It is a calm gentle medium dog.If other animals lived in the home, how well did this dog get along with them? Great!If this dog met or played with other dogs please describe their body language: ExcitedHas this dog ever fought with another dog? If yes, please describe the incident No.Has this dog ever injured another dog? If yes, please describe the incident NoHow does this dog react when they see a prey animal (squirrel, mouse, bird) or cat outside? He loves to chase squirrels and cats. He is not good with cats.Has this dog ever killed a prey animal or pet? If yes, please describe the incident NoIs there any other information you would like to share about this dog interacting with other animals? I have written a BIO for him - Mister Sanchez is a 8 year old, 14 pound chihuahua mix with a great SMILE and a love for LazyBoy recliners! He enjoys having his head and neck rubbed while you watch TV. He is perfectly house trained and goes to the door to let you know it’s time. He loves chasing a squeaky ball and squirrels. He loves to chase cats too, so it’s best if you don’t have any. He prefers a relaxed mature human, no roughhousing or kids. He is getting along great with our senior dog but he does resource guard his toys. He doesn’t mind being dressed up, taking a bath or nail clippings. He just doesn’t like being moved once he is comfy, and not a fan of faces close to his. He has a whole suitcase of toys, clothes and food. He is in good health but will need a dental visit soon for plaque and loose teeth. He is great on a leash and loves car rides! Sanchez knows SIT and COME HERE. He will bark to let you know someone has arrived outside, but he stops once he sees what it’s all about. He sees a friend in everyone he meets and even loves the vet! He is happiest sitting on a cushion in the sun or in your lap on the couch.Where did this dog spend most of their time? BothDo you have a fenced yard? NoIf you do not have a fenced yard, do you: Have a tie-out or runnerHow did you exercise this dog? A runner and leash and just throwing a ball and he brings it backHow often did you exercise this dog? DailyWhat kind of collar did you use for this dog? Buckle collarHow was this dog on a leash? Great on a leashHave you ever taken this dog to a training class? NoWhat commands does this dog know? He knows Sit and Come Here.Which behaviors does this dog need improvement on? He just dont like a bunch of cuddling or kissing. But he loves to sit on a lap. He resource guards toys and bed.When the dog played did they typically He loves chasing a ball. Hes not into playing with a person.How long each day was this dog left alone inside your home? I work from home. So hes just with me all day.When left inside your home alone, was this dog Able to roam freeWhen this dog was left alone did they show any of the following behaviors? He might bark a little when you leave but he stops. If i give him a chewy treat as i leave, hes super happy & that distracts him.Is this dog crate trained? We never made this dog stay in a crate.How often did this dog have potty accidents in the house? NeverHow often did this dog destroy things other than toys? NeverIf this dog destroys things, is it only when left alone? NoWhat items did this dog destroy? Nothing. Hes a good boy.What does this dog do when a stranger/visitor comes into the house? He loves people. He loves everyone. Even the vet!What does this dog do when a stranger tries to pet them? If they are gentle he loves them.What does this dog do when you or someone else goes near the food bowl while they are eating? Hes fine with that.What does this dog do when someone tries to take away toys, bones, food, or anything the dog decides is valuable? He will growl if you try to touch his toys. He will growl if you bother him in a resting sleeping area. He doesnt like being moved once comfy. Even if its your lap.What does this dog do when someone tells them to get off of furniture? You have to be brave and get past the growling. He doesnt bite but he hates being moved. But you CAN move him.What is this dog's best quality? Perfectly house trained! Hes very friendly, he LOVES people. He loves to sit in a recliner in a lap.What is this dog's worst quality? Resource guarding of beds/sleeping. He doesnt want to be cuddled in a bed.Check all that apply to this dog's personality: Friendly, IndependentIn your own words, describe this dog's personality Independent Good Boy.What is this dog afraid of? How do they react? Cats. He barks crazy and chases them. He shouldnt be near cats.All dogs have sensitive places You can open his mouth. Touch his paws. His tail. He dont care.Have you seen them act aggressively toward anyone? YesHave you seen this dog snarl (show teeth) at someone? When? How often? Please explain He growls and can snarl if pressed. If you try to move him from the bed or a sleeping area. If you dont bother him. Youre fine.Has this dog growled at you or someone else? When? How often? Please explain He growls at any of us if we try to move him from sleeping/resting spots. Even our own laps. Once he is comfy, dont bother him. LolHas this dog snapped at you or someone else? When? How often? Please explain NoHas this dog ever bitten or nipped anyone while living with you? NoPlease tell us anything you would like us to know about this dog to help us find it an adoptive home I wrote a good bio. Please use it.Would you like to be notified if this animal is ever at risk for euthanasia? NoIf the animal is still here in 30 days, would you like us to check in with you? No",False
415,A0057895311,Dog,Buckey,03 year(s) 02 month(s) 01 day(s)," Brown Chihuahua, Short Coat / Mix",Trial Adoption,Foster Trial Adoption,2/22/2022,N,14,2,2/22/2025 02:18 PM,L1,941010002312083,,Negative,4/7/2026,Trial Adoption,https://bit.ly/Adopt_Buckey,,,,2/22/2025 easily handed during exam,,2/22/2025,L1,1209476463509185,A0057895311,L1,L1,,-,N,941010002312083,4/7/2026,14,,Trial Adoption,03 year(s) 02 month(s) 00 day(s),Foster Trial Adoption,https://bit.ly/Adopt_Buckey,Trial Adoption,,,,,,,,,2/22/2022,2/22/2025," Brown Chihuahua, Short Coat / Mix",,,,,2/22/2025 easily handed during exam,,False
416,A0057897471,Dog,Pugsley,00 year(s) 03 month(s) 17 day(s)," Brown / White Mixed Breed, Small (under 24 lbs fully grown) / Mix",Trial Adoption,Foster Trial Adoption,1/6/2025,M,7,1,2/23/2025 11:16 AM,L1,,,,,Trial Adoption,,,,,2/24/2025 easily handled while in intake and during exam,,2/23/2025,L1,1209480451063940,A0057897471,L1,L1,,,M,,,7,,Trial Adoption,00 year(s) 03 month(s) 16 day(s),Foster Trial Adoption,,Trial Adoption,,,,,,,,,,2/23/2025," Brown / White Mixed Breed, Small (under 24 lbs fully grown) / Mix",,,,,2/24/2025 easily handled while in intake and during exam,,False
440,A0057949234,Dog,Ophelia,03 year(s) 01 month(s) 19 day(s)," Brown / Tan Chihuahua, Short Coat / Mix",Court,Foster Foster Home,3/4/2022,F,11,1,3/3/2025 03:42 PM,L2-SF,,,Negative,3/6/2026,Court,,Court Mandate,,,"3/4/2025 A little nervous in the kennel, but if you move slowly, she is easily handled. A bit growly towards men but still easily handled. Warmed up by the end of the exam.",,3/3/2025,L2,1209565129980117,A0057949234,L2,L2-SF,,-,F,,3/6/2026,11,Court Mandate,Court,03 year(s) 01 month(s) 18 day(s),Dog ISO 156 C8,,,,,,,,,,,,3/3/2025," Brown / Tan Chihuahua, Short Coat / Mix",,,,,"3/4/2025 A little nervous in the kennel, but if you move slowly, she is easily handled. A bit growly towards men but still easily handled. Warmed up by the end of the exam.",,False
441,A0057949256,Dog,Gertrude,00 year(s) 09 month(s) 19 day(s)," Tan / White Chihuahua, Short Coat / Mix",Court,Foster Foster Home,7/4/2024,F,9,1,3/3/2025 03:42 PM,L1,,,Negative,3/6/2026,Court,,Court Mandate,,,3/4/2025 Easily handled both in the kennel and during the exam.,,3/3/2025,L1,1209565225603524,A0057949256,L1,L1,,-,F,,3/6/2026,9,Court Mandate,Court,00 year(s) 09 month(s) 18 day(s),Dog ISO 156 C8,,,,,,,,,,,,3/3/2025," Tan / White Chihuahua, Short Coat / Mix",,,,,3/4/2025 Easily handled both in the kennel and during the exam.,,False
442,A0057949290,Dog,Waldorf,03 year(s) 01 month(s) 19 day(s)," White / Brown Terrier, Fox, Wire / Mix",Court,Dog ISO 156 C5,3/4/2022,N,10,2,3/3/2025 03:42 PM,L1,941010001700791,,Negative,3/6/2026,,,Court Mandate,,,3/4/2025 easily handled while in intake and during exam,,3/3/2025,L1,1209565188307207,A0057949290,L1,L1,,-,N,941010001700791,3/6/2026,10,Court Mandate,Court,03 year(s) 01 month(s) 18 day(s),Dog ISO 156 C5,,,,,,,,,,,,3/3/2025," White / Brown Terrier, Fox, Wire / Mix",,,,,3/4/2025 easily handled while in intake and during exam,,False
443,A0057949305,Dog,Iago,02 year(s) 01 month(s) 19 day(s), Black / Tan Miniature Pinscher / Mix,Court,Dog ISO 156 C4,3/4/2023,N,11,1,3/3/2025 03:42 PM,L1,,,Negative,3/4/2026,,,Court Mandate,,,"3/4/2025 Nervous in the kennel because of all of the barking, but once out he opened up and was easily handled. Was easily handled during the exam.

3/5/2025 Noted behavior when placed in 135 and day after during AM feeding. When shown my hand through the cage, began barking and raising hackles at me. I placed his AM bowl in the cage. He stopped barking/growling once door was opened. I presented my hand again. He sniffed when alert ears, slight hackles raised but did not interact. May be BR. Will continue to monitor",,3/3/2025,L1,1209565188282449,A0057949305,L1,L1,,-,N,,3/4/2026,11,Court Mandate,Court,02 year(s) 01 month(s) 18 day(s),Dog ISO 156 C4,,,,,,,,,,,,3/3/2025, Black / Tan Miniature Pinscher / Mix,,,,,"3/4/2025 Nervous in the kennel because of all of the barking, but once out he opened up and was easily handled. Was easily handled during the exam.

3/5/2025 Noted behavior when placed in 135 and day after during AM feeding. When shown my hand through the cage, began barking and raising hackles at me. I placed his AM bowl in the cage. He stopped barking/growling once door was opened. I presented my hand again. He sniffed when alert ears, slight hackles raised but did not interact. May be BR. Will continue to monitor",,False
444,A0057949322,Dog,Desdemona,01 year(s) 01 month(s) 19 day(s)," Brown Terrier, Yorkshire / Mix",Court,Foster Foster Home,3/4/2024,F,9,1,3/3/2025 03:42 PM,L1,,,Negative,3/6/2026,Court,,Court Mandate,,,3/4/2025 easily handled while in intake and during exam,,3/3/2025,L1,1209565222401113,A0057949322,L1,L1,,-,F,,3/6/2026,9,Court Mandate,Court,01 year(s) 01 month(s) 18 day(s),Foster Foster Home,,Court,,,,,,,,,,3/3/2025," Brown Terrier, Yorkshire / Mix",,,,,3/4/2025 easily handled while in intake and during exam,,False
445,A0057949341,Dog,Darla,12 year(s) 01 month(s) 19 day(s)," Brown / Black Chihuahua, Short Coat / Mix",Court,Foster Foster Home,3/4/2013,S,13,1,3/3/2025 03:42 PM,L1,985112008409096,,Negative,3/4/2026,Court,,Court Mandate,,,3/4/2025 easily handled while in intake and during exam,,3/3/2025,L1,1209565225272868,A0057949341,L1,L1,,-,S,985112008409096,3/4/2026,13,Court Mandate,Court,12 year(s) 01 month(s) 18 day(s),Salon C3,,,Walks politely on leash,,,,,Has done well in a home. ,I'm affectionate with friends,,,3/3/2025," Brown / Black Chihuahua, Short Coat / Mix",,,,,3/4/2025 easily handled while in intake and during exam,,False
446,A0057949359,Dog,Mr. Jingles,03 year(s) 01 month(s) 19 day(s)," Beige / White Chihuahua, Short Coat / Mix",Court,Dog ISO 156 C7,3/4/2022,N,16,1,3/3/2025 03:42 PM,L2-SF,985113006764394,,Negative,3/4/2026,,,Court Mandate,,,3/4/2025 may be BR barks at gate was housed with Darla and may have been feeding off each other alarm barking while in intake needed a while to warm up in exam room muzzled for precaution does not like restraint signs of stress/fear tense muscles frigid whale eye during exam,,3/3/2025,L2,1209565189015177,A0057949359,L2,L2-SF,,-,N,985113006764394,3/4/2026,16,Court Mandate,Court,03 year(s) 01 month(s) 18 day(s),Dog ISO 156 C7,,,,,,,,,,,,3/3/2025," Beige / White Chihuahua, Short Coat / Mix",,,,,3/4/2025 may be BR barks at gate was housed with Darla and may have been feeding off each other alarm barking while in intake needed a while to warm up in exam room muzzled for precaution does not like restraint signs of stress/fear tense muscles frigid whale eye during exam,,False
447,A0057949368,Dog,Horatio,04 year(s) 01 month(s) 19 day(s), Black / White Papillon / Mix,Court,Dog ISO 156 C6,3/4/2021,M,12,1,3/3/2025 03:42 PM,L2-SF,,,Negative,3/6/2026,,,Court Mandate,,,3/4/2025 scared and snapped when leashed once outside of the kennel he did fine while in intake signs of stress/fear easily handled during exam ,,3/3/2025,L2,1209565226075590,A0057949368,L2,L2-SF,,-,M,,3/6/2026,12,Court Mandate,Court,04 year(s) 01 month(s) 18 day(s),Dog ISO 156 C6,,,,,,,,,,,,3/3/2025, Black / White Papillon / Mix,,,,,3/4/2025 scared and snapped when leashed once outside of the kennel he did fine while in intake signs of stress/fear easily handled during exam ,,False
491,A0058011039,Dog,CoCo -ADOPTED,03 year(s) 01 month(s) 09 day(s)," Black / Brown Mixed Breed, Small (under 24 lbs fully grown) / Mix",Trial Adoption,Foster Trial Adoption,3/14/2022,S,17,3,3/13/2025 02:59 PM,L1,941010002308194,,Negative,3/19/2026,Trial Adoption,,,,,3/14/2025 easily handled while in intake and during exam,,3/13/2025,L1,1209675968529126,A0058011039,L1,L1,,-,S,941010002308194,3/19/2026,17,,Trial Adoption,03 year(s) 01 month(s) 08 day(s),Foster Trial Adoption,,Trial Adoption,,,,,,,,,,3/13/2025," Black / Brown Mixed Breed, Small (under 24 lbs fully grown) / Mix",,,,,3/14/2025 easily handled while in intake and during exam,,False
495,A0058018059,Dog,Gerard- ADOPTED,02 year(s) 01 month(s) 08 day(s)," Black / White Terrier, Rat / Mix",Trial Adoption,Foster Trial Adoption,3/15/2023,N,16,1,3/14/2025 03:16 PM,L1,941010002414418,,Negative,3/21/2026,Trial Adoption,,,,,3/15/2025 easily handled,,3/14/2025,L1,1209688799462298,A0058018059,L1,L1,,-,N,941010002414418,3/21/2026,16,,Trial Adoption,02 year(s) 01 month(s) 07 day(s),Foster Trial Adoption,,Trial Adoption,,,,,,,,,3/14/2018,3/14/2025," Black / White Terrier, Rat / Mix",,,,,3/15/2025 easily handled,,False
523,A0058053491,Dog,Lucky-ADOPTED,01 year(s) 00 month(s) 27 day(s)," Black / Brown Mixed Breed, Small (under 24 lbs fully grown) / Mix",Trial Adoption,Foster Trial Adoption,3/27/2024,N,16,1,3/26/2025 12:36 PM,L1,900235001303764,,Negative,3/28/2026,Trial Adoption,,,,,3/27/2025 easily handled while in intake and during exam,,3/26/2025,L1,1209807041151379,A0058053491,L1,L1,,-,N,900235001303764,3/28/2026,16,,Trial Adoption,01 year(s) 00 month(s) 26 day(s),Foster Trial Adoption,,Trial Adoption,,,,,,,,,3/20/2022,3/26/2025," Black / Brown Mixed Breed, Small (under 24 lbs fully grown) / Mix",,,,,3/27/2025 easily handled while in intake and during exam,,False
531,A0058068667,Dog,Wallie- ADOPTED,00 year(s) 05 month(s) 29 day(s)," Black / Brown Mixed Breed, Small (under 24 lbs fully grown) / Mix",Trial Adoption,Foster Trial Adoption,10/25/2024,S,12,1,3/24/2025 11:42 AM,L1,941010002936529,,,3/25/2026,Trial Adoption,,,,,3/25/2025 easily handled,,3/24/2025,L1,1209779402232964,A0058068667,L1,L1,,,S,941010002936529,3/25/2026,12,,Trial Adoption,00 year(s) 05 month(s) 28 day(s),Foster Trial Adoption,,Trial Adoption,,,,,,,,,,3/24/2025," Black / Brown Mixed Breed, Small (under 24 lbs fully grown) / Mix",,,,,3/25/2025 easily handled,,False
539,A0058075997,Dog,Nelly- ADOPTED,00 year(s) 08 month(s) 28 day(s)," Grey / White Mixed Breed, Medium (up to 44 lbs fully grown) / Mix",Identifying Info,Foster Trial Adoption,7/26/2024,S,24,1,3/25/2025 02:18 PM,L1,941010002365974,,Negative,3/27/2026,Trial Adoption,,,,,3/26/2025 easily handled,,3/25/2025,L1,1209794786579006,A0058075997,L1,L1,,-,S,941010002365974,3/27/2026,24,,Identifying Info,00 year(s) 08 month(s) 27 day(s),Foster Trial Adoption,,Trial Adoption,,,,,,,,,,3/25/2025," Grey / White Mixed Breed, Medium (up to 44 lbs fully grown) / Mix",,,,,3/26/2025 easily handled,,False
567,A0058214427,Dog,Jeremy -ADOPTED,03 year(s) 00 month(s) 24 day(s)," Black / Brown Terrier, Yorkshire / Mix",Trial Adoption,Foster Trial Adoption,3/30/2022,N,13,1,3/30/2025 04:26 PM,L1,941010002916606,,Negative,4/1/2026,Trial Adoption,,,,,3/31/2025 easily handled in the kennel and during the intake exam. ,,3/30/2025,L1,1209840362144409,A0058214427,L1,L1,,-,N,941010002916606,4/1/2026,13,,Trial Adoption,03 year(s) 00 month(s) 23 day(s),Foster Trial Adoption,,Trial Adoption,,,,,,,,,3/30/2022,3/30/2025," Black / Brown Terrier, Yorkshire / Mix",,,,,3/31/2025 easily handled in the kennel and during the intake exam. ,,False
591,A0058239030,Dog,Davinci,05 year(s) 00 month(s) 20 day(s)," Brown / Tan Chihuahua, Short Coat",Owner Request,Foster Foster Home,4/3/2020,N,10,1,4/3/2025 01:08 PM,L1,981020039365171,,Negative,,Lack of Space,,,,,4/4/2025 easily handled while in intake and during exam,,4/3/2025,L1,1209903450200027,A0058239030,L1,L1,,-,N,981020039365171,,10,,Owner Request,05 year(s) 00 month(s) 19 day(s),Foster Foster Home,,Lack of Space,,,,,,,,,4/3/2020,4/3/2025," Brown / Tan Chihuahua, Short Coat",,,,,4/4/2025 easily handled while in intake and during exam,,False
598,A0058243272,Dog,Catalina -ADOPTED,00 year(s) 07 month(s) 19 day(s)," Grey Terrier, Pit Bull / Mix",Trial Adoption,Foster Trial Adoption,9/4/2024,S,22,1,4/3/2025 09:11 PM,L1,941010003994904,,Negative,4/7/2026,Trial Adoption,https://bit.ly/Adopt_Catalina,,,,4/4/2025 easily handled while in intake and during exam,,4/3/2025,L1,1209903614291140,A0058243272,L1,L1,,-,S,941010003994904,4/7/2026,22,,Trial Adoption,00 year(s) 07 month(s) 18 day(s),Foster Trial Adoption,https://bit.ly/Adopt_Catalina,Trial Adoption,,,,,,,,,9/4/2024,4/3/2025," Grey Terrier, Pit Bull / Mix",,,,,4/4/2025 easily handled while in intake and during exam,,False
607,A0058252904,Dog,Waffle Dog- ADOPTED,00 year(s) 04 month(s) 17 day(s)," Brindle Mixed Breed, Small (under 24 lbs fully grown) / Mix",Available,Foster Trial Adoption,12/6/2024,N,15,1,4/5/2025 01:57 PM,L1,941010003049399,,,4/9/2026,Trial Adoption,https://bit.ly/Adopt_WaffleDog,,,,4/6/2025 easily handled,,4/5/2025,L1,1209903614479494,A0058252904,L1,L1,,,N,941010003049399,4/9/2026,15,,Available,00 year(s) 04 month(s) 16 day(s),Foster Trial Adoption,https://bit.ly/Adopt_WaffleDog,Trial Adoption,,,,,,,,,,4/5/2025," Brindle Mixed Breed, Small (under 24 lbs fully grown) / Mix",,,,,4/6/2025 easily handled,,False
623,A0058259662,Dog,Sonar-ADOPTED,02 year(s) 00 month(s) 15 day(s)," Brown Terrier, Yorkshire / Mix",Trial Adoption,Foster Trial Adoption,4/8/2023,N,9,1,4/7/2025 12:21 PM,L1,941010002715673,,Negative,4/10/2026,Trial Adoption,,,,,4/8/2025 easily handled,,4/7/2025,L1,1209919141205402,A0058259662,L1,L1,,-,N,941010002715673,4/10/2026,9,,Trial Adoption,02 year(s) 00 month(s) 14 day(s),Foster Trial Adoption,,Trial Adoption,,,,,,,,,,4/7/2025," Brown Terrier, Yorkshire / Mix",,,,,4/8/2025 easily handled,,False
631,A0058265637,Dog,Winston -ADOPTED,05 year(s) 00 month(s) 14 day(s)," Tan / White Chihuahua, Short Coat / Mix",Trial Adoption,Foster Trial Adoption,4/9/2020,N,18,1,4/8/2025 11:42 AM,L1,941010002999606,,Negative,4/10/2026,Trial Adoption,,,,,4/9/2025 easily handled in the kennel and during the intake exam. ,,4/8/2025,L1,1209944606878022,A0058265637,L1,L1,,-,N,941010002999606,4/10/2026,18,,Trial Adoption,05 year(s) 00 month(s) 13 day(s),Foster Trial Adoption,,Trial Adoption,,,,,,,,,4/9/2020,4/8/2025," Tan / White Chihuahua, Short Coat / Mix",,,,,4/9/2025 easily handled in the kennel and during the intake exam. ,,False
637,A0058272051,Dog,Mr. Bean -ADOPTED,02 year(s) 00 month(s) 14 day(s)," Brown Mixed Breed, Small (under 24 lbs fully grown) / Mix",Trial Adoption,Foster Trial Adoption,4/9/2023,N,10,2,4/8/2025 09:38 PM,L2-RG,941010003769570,,Negative,4/14/2026,Trial Adoption,,,,,"4/9/2025 easily handled in the kennel muzzled out of precaution during intake exam doesn't like to be vetted. 

4/10/2025 Showed some pretty intense resource guarding during feeding time. Leveling up to L2-RG",,4/8/2025,L2,1209944312397990,A0058272051,L2,L2-RG,,-,N,941010003769570,4/14/2026,10,,Trial Adoption,02 year(s) 00 month(s) 13 day(s),Foster Trial Adoption,,Trial Adoption,,,,,,,,,4/9/2023,4/8/2025," Brown Mixed Breed, Small (under 24 lbs fully grown) / Mix",,,,,"4/9/2025 easily handled in the kennel muzzled out of precaution during intake exam doesn't like to be vetted. 

4/10/2025 Showed some pretty intense resource guarding during feeding time. Leveling up to L2-RG",,False
638,A0058272059,Dog,Jorts - adopted!,01 year(s) 00 month(s) 14 day(s)," White Mixed Breed, Small (under 24 lbs fully grown) / Mix",Available,Dog Visiting 060 C4,4/9/2024,M,15,1,4/8/2025 09:54 PM,L1,,,Negative,4/10/2026,,,Rescue Pending,,,4/9/2025 easily handled in the kennel and during the intake exam. ,,4/8/2025,L1,1209944609272224,A0058272059,L1,L1,,-,M,,4/10/2026,15,Rescue Pending,Available,01 year(s) 00 month(s) 13 day(s),Dog Visiting 060 C4,,,,,,,,,,,4/9/2024,4/8/2025," White Mixed Breed, Small (under 24 lbs fully grown) / Mix",,,,,4/9/2025 easily handled in the kennel and during the intake exam. ,,False
642,A0058276171,Dog,Bob Marley-ADOPTED,02 year(s) 00 month(s) 13 day(s), Black Bichon Frise / Mix,Trial Adoption,Foster Trial Adoption,4/10/2023,N,11,1,4/9/2025 02:09 PM,L3-SF/BH,941010003036918,,Negative,4/10/2026,Trial Adoption,,,,,"4/10/2025 does not like to be touched only comfortable with Linda while in intake muzzled out of precaution flails and thrashes during vetting signs of stress/fear urination head whipping trying to bite biting whale eye during exam

4/13/2025 Was asked to assist in moving Bob outside for cleaning by staff member. At the kennel, Bob was seen in the back corner of the kennel laying down on the floor with his legs tucked under his body. I couldn't see whites of his eyes but eyes were focused on me and alert, saw slight trembling. I was able to open the kennel without him standing, but once kennel was open he did begin growling. After giving him a few seconds to try to calm down, Bob stayed where he was laying down so I attempted to leash him; was successful using a loose lasso leash.Once leashed, Bob stood up and walked out, glancing at me and the other staff member with big eyes, slightly stiff body language. He walked on leash with no issue. Once in the outside kennel, Bob was a little jumpy and stiff at the other dogs barking and being in the yard. He walked into the kennel with me and started walking around. He stopped to pee and I was able to unleash him with no issue. I stayed in the kennel for a bit to assess his behavior while off leash and Bob kept walking around the kennel, body still was slightly stiff, but he did allow me to pet him while he stood under my legs inside the kennel.",,4/9/2025,L3,1209944373650094,A0058276171,L3,L3-SF/BH,,-,N,941010003036918,4/10/2026,11,,Trial Adoption,02 year(s) 00 month(s) 12 day(s),Foster Trial Adoption,,Trial Adoption,,,,,,,,,,4/9/2025, Black Bichon Frise / Mix,,,,,"4/10/2025 does not like to be touched only comfortable with Linda while in intake muzzled out of precaution flails and thrashes during vetting signs of stress/fear urination head whipping trying to bite biting whale eye during exam

4/13/2025 Was asked to assist in moving Bob outside for cleaning by staff member. At the kennel, Bob was seen in the back corner of the kennel laying down on the floor with his legs tucked under his body. I couldn't see whites of his eyes but eyes were focused on me and alert, saw slight trembling. I was able to open the kennel without him standing, but once kennel was open he did begin growling. After giving him a few seconds to try to calm down, Bob stayed where he was laying down so I attempted to leash him; was successful using a loose lasso leash.Once leashed, Bob stood up and walked out, glancing at me and the other staff member with big eyes, slightly stiff body language. He walked on leash with no issue. Once in the outside kennel, Bob was a little jumpy and stiff at the other dogs barking and being in the yard. He walked into the kennel with me and started walking around. He stopped to pee and I was able to unleash him with no issue. I stayed in the kennel for a bit to assess his behavior while off leash and Bob kept walking around the kennel, body still was slightly stiff, but he did allow me to pet him while he stood under my legs inside the kennel.",,False
648,A0058284381,Dog,Hobbit- ADOPTED,00 year(s) 03 month(s) 13 day(s)," Grey Mixed Breed, Small (under 24 lbs fully grown) / Mix",Adopted,Foster Foster Home,1/10/2025,S,11,2,4/10/2025 03:02 PM,L1,941010003646144,,,4/18/2026,Trial Adoption,,,,,4/10/2025 easily handled while in intake and during exam,,4/10/2025,L1,1209957775351133,A0058284381,L1,L1,,,S,941010003646144,4/18/2026,11,,Adopted,00 year(s) 03 month(s) 12 day(s),Foster Foster Home,,Trial Adoption,,,,,,,,,1/10/2025,4/10/2025," Grey Mixed Breed, Small (under 24 lbs fully grown) / Mix",,,,,4/10/2025 easily handled while in intake and during exam,,False
677,A0058301459,Dog,Liverpool,00 year(s) 04 month(s) 08 day(s), Black / Tan German Shepherd / Mix,Trial Adoption,Foster Trial Adoption,12/15/2024,S,17,1,4/14/2025 12:07 PM,L1,941010003069959,,,4/17/2026,Trial Adoption,,,,,"4/15/2025 easily handled, puppy energy",,4/14/2025,L1,1209984541590407,A0058301459,L1,L1,,,S,941010003069959,4/17/2026,17,,Trial Adoption,00 year(s) 04 month(s) 07 day(s),Foster Trial Adoption,,Trial Adoption,,,,,,,,,1/14/2025,4/14/2025, Black / Tan German Shepherd / Mix,,,,,"4/15/2025 easily handled, puppy energy",,False
680,A0058302167,Dog,Cooper-ADOPTED,00 year(s) 06 month(s) 08 day(s)," Brown Mixed Breed, Small (under 24 lbs fully grown) / Mix",Trial Adoption,Foster Trial Adoption,10/15/2024,N,18,2,4/14/2025 12:16 PM,L1,941010003733632,,Negative,4/17/2026,Trial Adoption,,,,,"4/15/2025 easily handledmuzzled for precaution, does not like being vetted",,4/14/2025,L1,1209984607651808,A0058302167,L1,L1,,-,N,941010003733632,4/17/2026,18,,Trial Adoption,00 year(s) 06 month(s) 07 day(s),Foster Trial Adoption,,Trial Adoption,,,,,,,,,,4/14/2025," Brown Mixed Breed, Small (under 24 lbs fully grown) / Mix",,,,,"4/15/2025 easily handledmuzzled for precaution, does not like being vetted",,False
688,A0058304962,Dog,Bruno Fernandes-ADOPTED,02 year(s) 00 month(s) 08 day(s)," Brown / White Mixed Breed, Small (under 24 lbs fully grown) / Mix",Adopted,Foster Trial Adoption,4/15/2023,N,11,2,4/14/2025 03:58 PM,L1,941010002705974,,Negative,4/17/2026,Trial Adoption,,,,,4/15/2025 easily handled in the kennel and during the intake exam. ,,4/14/2025,L1,1209998039751724,A0058304962,L1,L1,,-,N,941010002705974,4/17/2026,11,,Adopted,02 year(s) 00 month(s) 07 day(s),Foster Trial Adoption,,Trial Adoption,,,,,,,,,4/15/2023,4/14/2025," Brown / White Mixed Breed, Small (under 24 lbs fully grown) / Mix",,,,,4/15/2025 easily handled in the kennel and during the intake exam. ,,False
698,A0058309025,Dog,Jackson-ADOPTED,00 year(s) 06 month(s) 07 day(s)," Black / Tan Mixed Breed, Medium (up to 44 lbs fully grown) / Mix",Trial Adoption,Foster Trial Adoption,10/16/2024,N,16,2,4/15/2025 11:55 AM,L1,941010003066106,,Negative,4/22/2026,Trial Adoption,,,,,,,4/15/2025,L1,1209998038403027,A0058309025,L1,L1,,-,N,941010003066106,4/22/2026,16,,Adopted,00 year(s) 06 month(s) 06 day(s),Dogs 302 C3,,,,,,,,,,,,4/15/2025," Black / Tan Mixed Breed, Medium (up to 44 lbs fully grown) / Mix",,,,,,,False
719,A0058325309,Dog,Iman-ADOPTED,05 year(s) 00 month(s) 06 day(s)," White Mixed Breed, Small (under 24 lbs fully grown) / Mix",Microchip,Small Animals 2,4/17/2020,M,12,3,4/17/2025 12:14 PM,L1,981020013732961,,Negative,,,,Microchip,,,4/17/2025 easily handled while in intake and during exam,,4/17/2025,L1,1210019001337523,A0058325309,L1,L1,,-,M,981020013732961,,12,Microchip,Microchip,05 year(s) 00 month(s) 05 day(s),Small Animals 2,,,,,,,,,,,4/17/2020,4/17/2025," White Mixed Breed, Small (under 24 lbs fully grown) / Mix",,,,,4/17/2025 easily handled while in intake and during exam,,False
721,A0058325442,Dog,Clyde - adopted!,00 year(s) 03 month(s) 05 day(s)," Grey / White Mixed Breed, Small (under 24 lbs fully grown) / Mix",Rescue,Dog Visiting 060 C2,1/18/2025,N,19,1,4/17/2025 12:27 PM,L1,,,,,,,Rescue Pending,,,,,4/17/2025,L1,1210018952685172,A0058325442,L1,L1,,,N,,,19,Rescue Pending,Rescue,00 year(s) 03 month(s) 04 day(s),Receiving 130 16,,,,,,,,,,,,4/17/2025," Grey / White Mixed Breed, Small (under 24 lbs fully grown) / Mix",,,,,,,False
725,A0058327525,Dog,Toast - adopted!,03 year(s) 00 month(s) 05 day(s)," Red Mixed Breed, Small (under 24 lbs fully grown) / Mix",Identifying Info,Foster Foster Home,4/18/2022,F,12,3,4/17/2025 07:54 PM,L2-BR,,,High Positive,,Rescue Foster,,Rescue Pending,,,4/18/2025 Barrier Reactive in kennel but easily leashed and handled  alarm barking growling tryingto bite biting whale eye while in intake easily handled during exam,,4/17/2025,L2,1210018951731929,A0058327525,L2,L2-BR,,+,F,,,12,Rescue Pending,Identifying Info,03 year(s) 00 month(s) 04 day(s),Foster Foster Home,,Rescue Foster,,,,,,,,,4/17/2018,4/17/2025," Red Mixed Breed, Small (under 24 lbs fully grown) / Mix",,,,,4/18/2025 Barrier Reactive in kennel but easily leashed and handled  alarm barking growling tryingto bite biting whale eye while in intake easily handled during exam,,False
729,A0058328422,Dog,Little Cake,03 year(s) 00 month(s) 06 day(s), Black / Grey Shih Tzu / Mix,Available,Foster Friendly Finder,4/17/2022,F,6,2,4/17/2025 04:04 PM,L1,941010003033897,,Negative,4/17/2026,Friendly Finder,,,,,4/17/2025 easily handled while during exam,,4/17/2025,L1,1210018953860421,A0058328422,L1,L1,,-,F,941010003033897,4/17/2026,6,,Available,03 year(s) 00 month(s) 05 day(s),Foster Friendly Finder,,Friendly Finder,,,,,,,,,4/17/2022,4/17/2025, Black / Grey Shih Tzu / Mix,,,,,4/17/2025 easily handled while during exam,,False
746,A0058338615,Dog,Tiburon-ADOPTED,05 year(s) 00 month(s) 02 day(s)," Black / White Terrier, Boston / Mix",Stray Wait,Small Animals 6,4/21/2020,M,23,1,4/19/2025 02:45 PM,L1,941010003006233,,Negative,,,,,,,4/21/2025 Easily handled in intake and during exam.,,4/19/2025,L1,1210029783229272,A0058338615,L1,L1,,-,M,941010003006233,,23,,Stray Wait,05 year(s) 00 month(s) 01 day(s),Small Animals 6,,,,,,,,,,,,4/19/2025," Black / White Terrier, Boston / Mix",,,,,4/21/2025 Easily handled in intake and during exam.,,False
748,A0058339046,Dog,Spencer - adopted!,04 year(s) 00 month(s) 03 day(s)," Grey Mixed Breed, Small (under 24 lbs fully grown) / Mix",Stray Wait- Rescue,Foster Foster Home,4/20/2021,N,15,1,4/19/2025 03:34 PM,L1,941010003040878,,Negative,4/21/2026,Rescue Foster,,Rescue Pending,,,4/20/2025 easily handled in the kennel. Muzzled out of precaution during the intake exam. Doesn't like to be vetted. ,,4/19/2025,L1,1210029935562498,A0058339046,L1,L1,,-,N,941010003040878,4/21/2026,15,Rescue Pending,Stray Wait- Rescue,04 year(s) 00 month(s) 02 day(s),Foster Foster Home,,Rescue Foster,,,,,,,,,,4/19/2025," Grey Mixed Breed, Small (under 24 lbs fully grown) / Mix",,,,,4/20/2025 easily handled in the kennel. Muzzled out of precaution during the intake exam. Doesn't like to be vetted. ,,False
754,A0058340646,Dog,Deshea- ADOPTED,00 year(s) 05 month(s) 02 day(s)," Black / Grey Mixed Breed, Small (under 24 lbs fully grown) / Mix",Available,Small Animals 4,11/21/2024,F,8,1,4/20/2025 09:06 AM,L1,,,,4/22/2026,,,,,,4/21/2025 Easily handled in intake and exam.,,4/20/2025,L1,1210032635716168,A0058340646,L1,L1,,,F,,4/22/2026,8,Identifying Info,Identifying Info,00 year(s) 05 month(s) 01 day(s),Small Animals 4,,,,,,,,,,,10/20/2024,4/20/2025," Black / Grey Mixed Breed, Small (under 24 lbs fully grown) / Mix",,,,,4/21/2025 Easily handled in intake and exam.,,False
761,A0058341665,Dog,Kinsey -ADOPTED,00 year(s) 07 month(s) 03 day(s)," Brown / White Terrier, Staffordshire Bull / Mix",Stray Wait,Dog Visiting 060 C1,9/20/2024,F,23,1,4/20/2025 07:55 PM,L1,941010002841831,,Negative,,,,,,,4/21/2025 Easily handled in intake and exam.,,4/20/2025,L1,1210041042792701,A0058341665,L1,L1,,-,F,941010002841831,,23,,Stray Wait,00 year(s) 07 month(s) 02 day(s),Dog Visiting 060 C1,,,,,,,,,,,9/20/2024,4/20/2025," Brown / White Terrier, Staffordshire Bull / Mix",,,,,4/21/2025 Easily handled in intake and exam.,,False
772,A0058345245,Dog,Cherry,00 year(s) 00 month(s) 15 day(s)," Brown / Brindle Terrier, American Pit Bull / Mix",Under Age,Foster Foster Home,4/8/2025,F,1,1,4/21/2025 02:13 PM,,,,,,Pregnant/Nursing w/Mom,,,,,,,4/21/2025,,1210041042487298,A0058345245,,,,,F,,,1,,Under Age,00 year(s) 00 month(s) 14 day(s),Mutternity 1,,,,,,,,,,,,4/21/2025," Brown / Brindle Terrier, American Pit Bull / Mix",,,,,,,False
773,A0058345282,Dog,Ice,00 year(s) 00 month(s) 15 day(s)," Brown / Brindle Terrier, American Pit Bull / Mix",Under Age,Foster Foster Home,4/8/2025,M,2,2,4/21/2025 02:14 PM,,,,,,Pregnant/Nursing w/Mom,,,,,,,4/21/2025,,1210041043333914,A0058345282,,,,,M,,,2,,Under Age,00 year(s) 00 month(s) 14 day(s),Mutternity 1,,,,,,,,,,,,4/21/2025," Brown / Brindle Terrier, American Pit Bull / Mix",,,,,,,False
774,A0058345294,Dog,Lemon,00 year(s) 00 month(s) 15 day(s)," Brown / Brindle Terrier, American Pit Bull / Mix",Under Age,Foster Foster Home,4/8/2025,M,2,1,4/21/2025 02:15 PM,,,,,,Pregnant/Nursing w/Mom,,,,,,,4/21/2025,,1210041040289466,A0058345294,,,,,M,,,2,,Under Age,00 year(s) 00 month(s) 14 day(s),Mutternity 1,,,,,,,,,,,,4/21/2025," Brown / Brindle Terrier, American Pit Bull / Mix",,,,,,,False
775,A0058345327,Dog,Lime,00 year(s) 00 month(s) 15 day(s)," Black / White Terrier, American Pit Bull / Mix",Under Age,Foster Foster Home,4/8/2025,M,2,1,4/21/2025 02:16 PM,,,,,,Pregnant/Nursing w/Mom,,,,,,,4/21/2025,,1210041267187672,A0058345327,,,,,M,,,2,,Under Age,00 year(s) 00 month(s) 14 day(s),Mutternity 1,,,,,,,,,,,,4/21/2025," Black / White Terrier, American Pit Bull / Mix",,,,,,,False
776,A0058345393,Dog,Grenadine,00 year(s) 00 month(s) 15 day(s)," Black / White Terrier, American Pit Bull / Mix",Under Age,Foster Foster Home,4/8/2025,M,1,1,4/21/2025 02:17 PM,,,,,,Pregnant/Nursing w/Mom,,,,,,,4/21/2025,,1210041136844569,A0058345393,,,,,M,,,1,,Under Age,00 year(s) 00 month(s) 14 day(s),Mutternity 1,,,,,,,,,,,,4/21/2025," Black / White Terrier, American Pit Bull / Mix",,,,,,,False
777,A0058345407,Dog,Umbrella,00 year(s) 00 month(s) 15 day(s)," Black / White Terrier, American Pit Bull / Mix",Under Age,Foster Foster Home,4/8/2025,M,2,1,4/21/2025 02:19 PM,,,,,,Pregnant/Nursing w/Mom,,,,,,,4/21/2025,,1210041137198721,A0058345407,,,,,M,,,2,,Under Age,00 year(s) 00 month(s) 14 day(s),Mutternity 1,,,,,,,,,,,,4/21/2025," Black / White Terrier, American Pit Bull / Mix",,,,,,,False
779,A0058346205,Dog,Merry,12 year(s) 04 month(s) 28 day(s)," Tan / Silver Mixed Breed, Small (under 24 lbs fully grown) / Mix",Stray Wait,Foster Friendly Finder,11/26/2012,M,12,1,4/21/2025 03:04 PM,L1,941010003724260,,Negative,,,,,,,4/21/2025 Easily handled in intake and exam.,,4/21/2025,L1,1210041268262600,A0058346205,L1,L1,,-,M,941010003724260,,12,,Stray Wait,12 year(s) 04 month(s) 27 day(s),Foster Friendly Finder,,,,,,,,,,,11/26/2012,4/21/2025," Tan / Silver Mixed Breed, Small (under 24 lbs fully grown) / Mix",,,,,4/21/2025 Easily handled in intake and exam.,,False
784,A0058347769,Dog,Malia - adopted!,00 year(s) 05 month(s) 02 day(s)," Tan Mixed Breed, Small (under 24 lbs fully grown) / Mix",Stray Wait,Featured Dogs 54,11/21/2024,F,18,1,4/21/2025 05:33 PM,L1,941010003014298,,,4/22/2026,,,Rescue Pending,,,4/21/2025 easily handled,,4/21/2025,L1,1210041138766617,A0058347769,L1,L1,,,F,941010003014298,,18,Rescue Pending,Stray Wait,00 year(s) 05 month(s) 01 day(s),Featured Dogs 54,,,,,,,,,,,11/21/2024,4/21/2025," Tan Mixed Breed, Small (under 24 lbs fully grown) / Mix",,,,,4/21/2025 easily handled,,False
785,A0058347776,Dog,Benita - adopted!,00 year(s) 05 month(s) 02 day(s)," Tan Mixed Breed, Small (under 24 lbs fully grown) / Mix",Stray Wait,Featured Dogs 54,11/21/2024,F,16,1,4/21/2025 05:33 PM,L1,941010003010213,,,4/22/2026,,,Rescue Pending,,,4/21/2025 easily handled,,4/21/2025,L1,1210041268767977,A0058347776,L1,L1,,,F,941010003010213,,16,Rescue Pending,Stray Wait,00 year(s) 05 month(s) 01 day(s),Featured Dogs 54,,,,,,,,,,,11/21/2024,4/21/2025," Tan Mixed Breed, Small (under 24 lbs fully grown) / Mix",,,,,4/21/2025 easily handled,,False
786,A0058347781,Dog,Steph - adopted!,00 year(s) 05 month(s) 02 day(s)," Tan Mixed Breed, Small (under 24 lbs fully grown) / Mix",Stray Wait,Featured Dogs 54,11/21/2024,F,20,1,4/21/2025 05:33 PM,L1,941010003697216,,,4/22/2026,,,Rescue Pending,,,4/21/2025 easily handled,,4/21/2025,L1,1210041038091343,A0058347781,L1,L1,,,F,941010003697216,,20,Rescue Pending,Stray Wait,00 year(s) 05 month(s) 01 day(s),Featured Dogs 54,,,,,,,,,,,11/21/2024,4/21/2025," Tan Mixed Breed, Small (under 24 lbs fully grown) / Mix",,,,,4/21/2025 easily handled,,False
787,A0058347783,Dog,Pookie - adopted!,00 year(s) 05 month(s) 02 day(s)," Tan Mixed Breed, Small (under 24 lbs fully grown) / Mix",Stray Wait,Featured Dogs 54,11/21/2024,F,19,1,4/21/2025 05:33 PM,L1,941010003027621,,,4/22/2026,,,Rescue Pending,,,4/21/2025 easily handled,,4/21/2025,L1,1210041043870340,A0058347783,L1,L1,,,F,941010003027621,,19,Rescue Pending,Stray Wait,00 year(s) 05 month(s) 01 day(s),Featured Dogs 54,,,,,,,,,,,11/21/2024,4/21/2025," Tan Mixed Breed, Small (under 24 lbs fully grown) / Mix",,,,,4/21/2025 easily handled,,False
788,A0058347785,Dog,Swayze - adopted!,00 year(s) 05 month(s) 02 day(s)," Tan Mixed Breed, Small (under 24 lbs fully grown) / Mix",Stray Wait,Featured Dogs 54,11/21/2024,F,21,1,4/21/2025 05:33 PM,L1,941010003048535,,,4/22/2026,,,Rescue Pending,,,4/21/2025 easily handled in the kennel and during the intake exam. ,,4/21/2025,L1,1210041268560354,A0058347785,L1,L1,,,F,941010003048535,,21,Rescue Pending,Stray Wait,00 year(s) 05 month(s) 01 day(s),Featured Dogs 54,,,,,,,,,,,11/21/2024,4/21/2025," Tan Mixed Breed, Small (under 24 lbs fully grown) / Mix",,,,,4/21/2025 easily handled in the kennel and during the intake exam. ,,False
789,A0058347790,Dog,Greta - adopted!,00 year(s) 05 month(s) 02 day(s)," Tan Mixed Breed, Small (under 24 lbs fully grown) / Mix",Stray Wait,Featured Dogs 54,11/21/2024,F,20,1,4/21/2025 05:33 PM,L1,941010003051401,,,4/22/2026,,,Rescue Pending,,,4/21/2025 easily handled,,4/21/2025,L1,1210041137814755,A0058347790,L1,L1,,,F,941010003051401,,20,Rescue Pending,Stray Wait,00 year(s) 05 month(s) 01 day(s),Featured Dogs 54,,,,,,,,,,,11/21/2024,4/21/2025," Tan Mixed Breed, Small (under 24 lbs fully grown) / Mix",,,,,4/21/2025 easily handled,,False
790,A0058347791,Dog,Felicity - adopted!,00 year(s) 05 month(s) 02 day(s)," Tan Mixed Breed, Small (under 24 lbs fully grown) / Mix",Stray Wait,Featured Dogs 54,11/21/2024,F,20,1,4/21/2025 05:33 PM,L1,941010003032125,,,4/22/2026,,,Rescue Pending,,,4/21/2025 easily handled,,4/21/2025,L1,1210041268176265,A0058347791,L1,L1,,,F,941010003032125,4/22/2026,20,Rescue Pending,Stray Wait,00 year(s) 05 month(s) 01 day(s),Featured Dogs 54,,,,,,,,,,,11/21/2024,4/21/2025," Tan Mixed Breed, Small (under 24 lbs fully grown) / Mix",,,,,4/21/2025 easily handled,,False
