,aid,url
0,54075864,https://g.petango.com/photos/3636/6c172579-5987-4008-8cfa-00a309ff8447.jpg
1,56525090,https://g.petango.com/photos/3636/b7416f6b-5f20-4d8b-895b-f41cf058c882.jpg
2,57107208,https://g.petango.com/photos/3636/155b302f-976b-4dff-8c7f-4d08232ea44c.jpg
3,57441089,https://g.petango.com/photos/3636/75c77558-6dd5-403d-9746-29e6a2196bc9.jpg
4,58279105,https://g.petango.com/photos/3636/faec4b01-4749-4b4a-97d6-7bf12603c7d1.jpg
5,58295132,https://g.petango.com/photos/3636/f20df886-ec8a-457c-950d-ac4547004e3e.jpg
6,58324717,https://g.petango.com/photos/3636/e0fc390c-2bf6-4d15-b58a-9710e0075b56.jpg
7,58381121,https://g.petango.com/photos/3636/92981c3b-5445-4cfa-bc4b-32fb1f9231e3.jpg
8,58401342,https://g.petango.com/photos/3636/54296dbe-8846-4b15-9232-5519d9948ec3.jpg
9,58440349,https://g.petango.com/photos/3636/798fa39d-5767-4aa9-a499-4e5cf04349a5.jpg
10,58485863,https://g.petango.com/photos/3636/7a11a2e2-8f5b-49ec-87ae-c2edf32ae28d.jpg
11,58503229,https://g.petango.com/photos/3636/d017a302-3135-4c78-bf96-2200094b762b.jpg
12,58547495,https://g.petango.com/photos/3636/921e285c-a828-49af-8be8-4bdad5a7ec0f.jpg
13,58559636,https://g.petango.com/photos/3636/164ac7bc-42ec-421f-8be1-443d0583e9b8.jpg
14,58572256,https://g.petango.com/photos/3636/7d058fc7-4ab9-4966-b605-f15044656ba6.jpg
15,58590103,https://g.petango.com/photos/3636/86f10a81-9d40-4048-99f4-ab97db43ef51.jpg
16,58613361,https://g.petango.com/photos/3636/8b8083a2-bb4c-4e1c-9a2e-57fecfd18913.jpg
17,58620775,https://g.petango.com/photos/3636/cb1bb4dc-f3a9-4cf0-8dcb-5a18f0b1f08d.jpg
18,58634797,https://g.petango.com/photos/3636/0ca9ae45-d09f-4ce7-bba7-07b138d51eef.jpg
19,58643277,https://g.petango.com/photos/3636/5accc8fe-2ef4-4815-964f-02cfc5184b55.jpg
20,58648188,https://g.petango.com/photos/3636/ba23eccc-64b8-4148-9725-770f5d128b98.jpg
21,58663039,https://g.petango.com/photos/3636/253a3aaa-3092-4b0f-9034-4497d85f2ea4.jpg
22,58663424,https://g.petango.com/photos/3636/5786acc6-6332-40bd-be5d-4967e6d79060.jpg
23,58663440,https://g.petango.com/photos/3636/6a05f5c7-606f-45f4-a721-ccf987fe78d2.jpg
24,58663456,https://g.petango.com/photos/3636/1d328e4e-21be-4a58-ba7c-9d9ed031860f.jpg
25,58673985,https://g.petango.com/photos/3636/8d59ceb9-0ec7-4ebe-bc6e-fba06bd98856.jpg
26,58674000,https://g.petango.com/photos/3636/a6efe047-d431-484f-b693-e1902f470e3c.jpg
27,58689760,https://g.petango.com/photos/3636/ed1bd957-e606-4615-9a67-8d4245fffd42.jpg
28,58690393,https://g.petango.com/photos/3636/901e6a98-56cd-47b8-9b17-6b5d10f2545b.jpg
29,58690479,https://g.petango.com/photos/3636/e586a964-4f8b-4c8b-8c82-f95623d3861d.jpg
30,58711110,https://g.petango.com/photos/3636/cf8e7c1f-295f-44f6-955a-40d9453784d0.jpg
31,58711155,https://g.petango.com/photos/3636/502d239e-4997-440e-bd4c-1d8670a20670.jpg
32,58721794,https://g.petango.com/photos/3636/51b4576e-05fd-472c-9fe5-5d0400a4ce25.jpg
33,58751812,https://g.petango.com/photos/3636/00028d27-9b5e-45ee-9f17-718423fbdef5.jpg
34,58757957,https://g.petango.com/photos/3636/54b3c5e0-6123-429a-a7d0-45671f9ff6dd.jpg
35,58765877,https://g.petango.com/photos/3636/73b2152e-c2f5-4ded-abfe-7c9ecf6289f4.jpg
36,58788849,https://g.petango.com/photos/3636/ce166335-3673-44d6-8b38-6cfc10d3aabb.jpg
37,58794551,https://g.petango.com/photos/3636/6880f8e0-a1d0-47de-a0dc-2be25ab00f23.jpg
38,58797463,https://g.petango.com/photos/3636/21ba196c-7213-4fd9-a1a9-5f3b0b0494ae.jpg
39,58797767,https://g.petango.com/photos/3636/f3109ad8-c5b5-4257-b8b3-60ef513448e4.jpg
40,58798603,https://g.petango.com/photos/3636/135df586-2f4b-4d98-8ed6-5e532ea1ea13.jpg
41,58805851,https://g.petango.com/photos/3636/def6c790-f43e-4596-ac9f-123c687da3a6.jpg
42,58812055,https://g.petango.com/photos/3636/db9f71ef-4214-4e8b-be60-161181c3f751.jpg
43,58817270,https://g.petango.com/photos/3636/5227b4ce-434f-42e0-bb8a-9801c3f43f75.jpg
44,58817285,https://g.petango.com/photos/3636/ff406e63-08ea-4f2f-8f86-0bf13f8c3582.jpg
45,58817303,https://g.petango.com/photos/3636/0ffb77f3-28fb-43e8-a3df-e08a06057fda.jpg
46,58817316,https://g.petango.com/photos/3636/5f1e3280-6130-46f4-a6b7-4b3956671721.jpg
47,58827139,https://g.petango.com/photos/3636/6016392d-8f6e-4e2b-96f1-75fda81eb824.jpg
48,58827142,https://g.petango.com/photos/3636/fab6d5d5-d8c4-419b-ac8e-ba789d5b3e18.jpg
49,58830088,https://g.petango.com/photos/3636/fd076d1e-c96b-40c4-99fd-a853cf4bc3b6.jpg
50,58830101,https://g.petango.com/photos/3636/f1ee6dd9-3b34-4d52-a2f8-324ec7b0c9cd.jpg
51,58830140,https://g.petango.com/photos/3636/1e4b854f-4b5b-4d8c-86fe-60a1dcd40b08.jpg
52,58830172,https://g.petango.com/photos/3636/5a4ebe23-a301-4613-898f-26993bfa0d83.jpg
53,58841818,https://g.petango.com/photos/3636/923d5773-2c04-4a15-8fcd-f0d810538b9b.jpg
54,58842975,https://g.petango.com/photos/3636/c04aee40-3777-4862-8a42-e641b98f32f0.jpg
55,58843072,https://g.petango.com/photos/3636/2e33b963-80c0-4946-a254-ee2448b424c9.jpg
56,58853391,https://g.petango.com/photos/3636/364a42e8-3149-43e5-8076-0a8897d15e75.jpg
57,58853394,https://g.petango.com/photos/3636/034ee99c-e9d2-49db-93b0-39df1dfd41b1.jpg
58,58874124,https://g.petango.com/photos/3636/9a2dafcd-1971-41c9-b19b-f8e17c1e288a.jpg
59,58875360,https://g.petango.com/photos/3636/4bd3eb35-1582-4f83-8852-f4134f93c8cf.jpg
60,58875378,https://g.petango.com/photos/3636/8ac07390-368c-438d-923e-2021b51450e7.jpg
61,58875489,https://g.petango.com/photos/3636/6af18364-db7d-4e85-940f-21f408d0ae9e.jpg
62,58875509,https://g.petango.com/photos/3636/f0141127-1c04-4da9-b850-7c1a6d0cbfb5.jpg
63,58885403,https://g.petango.com/photos/3636/a5969715-30ad-49e1-a006-70ddf0c92db5.jpg
64,58886161,https://g.petango.com/photos/3636/abd597c9-8d73-4450-b03c-a0ab490019b9.jpg
65,58903045,https://g.petango.com/photos/3636/3cdaee89-c133-4f05-89e3-293bea28ff4b.jpg
66,58903060,https://g.petango.com/photos/3636/0ce29b7f-d240-47b4-87cc-647cede716a2.jpg
67,58903073,https://g.petango.com/photos/3636/c526f0cc-464b-4703-a307-5e113d40b807.jpg
68,58904107,https://g.petango.com/photos/3636/458dd317-7a8b-405a-98f8-f032c412ac39.jpg
69,58904130,https://g.petango.com/photos/3636/f74f9689-9a82-433c-8f01-d766e4c2fd44.jpg
70,58905604,https://g.petango.com/photos/3636/62a81e89-d7bc-4b77-94d6-7af68f72c520.jpg
71,58906256,https://g.petango.com/photos/3636/431562c5-325a-4d4e-9a56-ae7e91618361.jpg
72,58926036,https://g.petango.com/photos/3636/adcb4295-a6de-4150-9610-38cff3731c4d.jpg
73,58927320,https://g.petango.com/photos/3636/0858a845-9896-438b-8b6c-248ba670e4c7.jpg
74,58927325,https://g.petango.com/photos/3636/b9b47c5e-8883-44ce-ac23-fc9496d3c631.jpg
75,58927329,https://g.petango.com/photos/3636/1eda003d-17ab-4713-b524-6aa0982fb50b.jpg
76,58927336,https://g.petango.com/photos/3636/e913a353-aecb-48d1-8179-ff3650eeeb32.jpg
77,58935741,https://g.petango.com/photos/3636/cc792e2b-d701-4ca9-8dc7-24fb62c1765c.jpg
78,58938147,https://g.petango.com/photos/3636/f2fcba41-d16e-483b-852b-df9268170086.jpg
79,58945171,https://g.petango.com/photos/3636/c5438428-eacb-42ec-a440-ef6d467d7b45.jpg
80,58956183,https://g.petango.com/photos/3636/29aaa45c-ee7d-45b4-849a-1f54e8c2d359.jpg
81,58957689,https://g.petango.com/photos/3636/16a71b4d-01ef-4a46-9ae1-5048a35ea24b.jpg
82,58957865,https://g.petango.com/photos/3636/62feffa8-127d-4e07-9124-dff50de0a1fc.jpg
83,58958033,https://g.petango.com/photos/3636/45571cc6-21b1-4b16-96a9-e7b5db55dd60.jpg
84,58962159,https://g.petango.com/photos/3636/464f569c-996d-4fa0-b99e-465229103036.jpg
85,58964056,https://g.petango.com/photos/3636/dc89b82a-d553-4a9c-9b6a-e7b758c4baeb.jpg
86,58964433,https://g.petango.com/photos/3636/e7006b2e-4359-42d4-b114-550a3e64a611.jpg
87,58973580,https://g.petango.com/photos/3636/70082b23-c87a-4b60-b100-6db4d5be3a2e.jpg
88,58974557,https://g.petango.com/photos/3636/9c4ff39e-4068-41a5-b877-b9c746581c6d.jpg
89,58974570,https://g.petango.com/photos/3636/eda79f48-1c75-48f3-8e53-10a009098398.jpg
90,58986352,https://g.petango.com/photos/3636/f8612ded-acbc-4a48-8c07-b265e4afe0ab.jpg
91,58987569,https://g.petango.com/photos/3636/2585add1-28be-498f-84a2-970dce3fe03c.jpg
92,59034031,https://g.petango.com/photos/3636/af298488-b70e-4be2-b8a7-dd8b2c9e6bde.jpg
93,59037094,https://g.petango.com/photos/3636/4ae7626d-73c6-4cd6-a28b-bac8b8496c16.jpg
94,59041167,https://g.petango.com/photos/3636/1727b357-19e9-4396-b0b4-c88d351662d7.jpg
95,59041816,https://g.petango.com/photos/3636/1d9fdb79-c46d-4946-a415-8d7b2b116437.jpg
96,59043351,https://g.petango.com/photos/3636/4faad904-8ef5-4f39-8bb7-d40b28e00d27.jpg
97,59048704,https://g.petango.com/photos/3636/6dbfe253-24e8-42be-9672-b42286a3a641.jpg
98,59051376,https://g.petango.com/photos/3636/245b4c0b-20f3-4b72-9a10-7664daffc8cd.jpg
99,59051392,https://g.petango.com/photos/3636/8a5150b5-c700-4a1a-a387-e430b84df2f0.jpg
100,59055456,https://g.petango.com/photos/3636/8addce87-cedd-4410-a0e6-e7bd7c9b47e3.jpg
101,59055466,https://g.petango.com/photos/3636/50d82b5d-bb66-4c54-b104-d7c59c9d3f8a.jpg
102,59055507,https://g.petango.com/photos/3636/1025fbce-e682-4288-a48c-db59bd8a5c28.jpg
103,59066424,https://g.petango.com/photos/3636/20938d38-9003-4706-8634-fed1fed7dcbb.jpg
104,59066466,https://g.petango.com/photos/3636/d6ad534e-ef62-4dad-a9ff-8b1f4e25d939.jpg
105,59066489,https://g.petango.com/photos/3636/063aeb43-19ac-412e-b7cd-cd373da034d3.jpg
106,59066881,https://g.petango.com/photos/3636/25623392-567d-419b-916b-80e8552059b8.jpg
107,59076653,https://g.petango.com/photos/3636/11df5982-0f76-446c-bc71-271566f21b2a.jpg
108,59079805,https://g.petango.com/photos/3636/ff75b5d9-57d7-4382-93c4-ec1c3b516903.jpg
109,59080535,https://g.petango.com/photos/3636/8262e412-9fe8-4409-acd5-9032fca93d14.jpg
110,59108937,https://g.petango.com/photos/3636/06ffb9b1-2cbc-4538-aeb1-b7cb7b9e0d8f.jpg
111,59108957,https://g.petango.com/photos/3636/35c45fed-be78-4a59-9908-34ed943efadc.jpg
112,59110503,https://g.petango.com/photos/3636/f85ec6f5-9ed7-4d34-9fda-e5ee96cecf92.jpg
113,59122629,https://g.petango.com/photos/3636/eccec9b9-10df-46d4-ae81-b3215c310804.jpg
114,59124089,https://g.petango.com/photos/3636/27819efe-126c-4912-bf0a-aeab794d6a6e.jpg
115,59124612,https://g.petango.com/photos/3636/ea1d3ce7-7d93-48d5-ac5c-27cd9af79db4.jpg
116,59125274,https://g.petango.com/photos/3636/ced30217-a9e3-46d5-a723-eb69f49392f5.jpg
117,59125276,https://g.petango.com/photos/3636/8256b673-9eba-4cf2-be0a-9edcf552a473.jpg
118,59192247,https://g.petango.com/photos/3636/e89582ca-205f-4a92-8f4d-e9cea420359d.jpg
119,59196397,https://g.petango.com/photos/3636/d0e1a050-0b44-4b76-bf38-e83744d57da8.jpg
120,59196405,https://g.petango.com/photos/3636/a2235b18-5f4c-49bf-9324-a807b6d7b640.jpg
121,59196423,https://g.petango.com/photos/3636/6451a17b-6e8e-4ba5-91cd-d136f55f872e.jpg
122,59196438,https://g.petango.com/photos/3636/d5abf18e-3a0a-4a52-bf2e-0a7fe5279814.jpg
123,59200254,https://g.petango.com/photos/3636/bfc563c1-1900-4bf8-8167-4afb45c3ecff.jpg
124,59203618,https://g.petango.com/photos/3636/ee4d720e-2839-4a72-888e-d529b8422e6a.jpg
125,59205634,https://g.petango.com/photos/3636/2aaa6e9f-178f-4372-b430-e94a5c335483.jpg
126,59212648,https://g.petango.com/photos/3636/333ab9df-9b88-47e7-8951-e4f78b5668a9.jpg
127,59221526,https://g.petango.com/photos/3636/8b903851-1156-4e70-9868-d1510b60d7ce.jpg
128,59225157,https://g.petango.com/photos/3636/20ada531-4ae2-46c0-beec-d34a735ca677.jpg
129,59225474,https://g.petango.com/photos/3636/56f951b5-f3b0-4435-8f7f-91ab8d04ab6d.jpg
130,59225481,https://g.petango.com/photos/3636/6e280160-bc72-4928-8707-be607d09c343.jpg
131,59226291,https://g.petango.com/photos/3636/05648703-d451-47e9-a84c-4247f14f167d.jpg
132,59227173,https://g.petango.com/photos/3636/fca7e88c-3bf8-4737-9b3f-3e022e455a46.jpg
133,59227213,https://g.petango.com/photos/3636/b6016010-623a-4fe1-88b6-84edb44b64e5.jpg
134,59229287,https://g.petango.com/photos/3636/794c251f-3bb2-4462-a266-882d22362d8a.jpg
135,59230814,https://g.petango.com/photos/3636/05df21b4-d229-464b-9b66-d95c02c68548.jpg
136,59231190,https://g.petango.com/photos/3636/09d2ce1d-0614-47bc-a998-e0ae1456f690.jpg
137,59232879,https://g.petango.com/photos/3636/da65c89a-1f43-483a-8f72-84ba4d235464.jpg
138,59232908,https://g.petango.com/photos/3636/3bdaaa25-783e-4128-a866-67f3245dcf2a.jpg
139,59233128,https://g.petango.com/photos/3636/f39bf514-7ce2-4473-8348-7f462f8ef97a.jpg
140,59233141,https://g.petango.com/photos/3636/512856d0-150e-46bb-b327-d1ca722b2946.jpg
141,59233152,https://g.petango.com/photos/3636/9bad8e68-084e-41b8-b15c-8e4e4cc242f9.jpg
142,59233343,https://g.petango.com/photos/3636/fd59be24-d3b9-4043-b34f-eaa105752a2b.jpg
143,59234895,https://g.petango.com/photos/3636/b226af84-fca3-4a52-a475-9d33cb90b280.jpg
144,59238103,https://g.petango.com/photos/3636/83b1aedb-c872-4d0f-b4f6-1a2809bfe885.jpg
145,59240941,https://g.petango.com/photos/3636/2062ae97-a282-437d-a7dd-c40a9ebc0072.jpg
146,59244835,https://g.petango.com/photos/3636/730a3a1e-e3d5-4787-b898-fa91b67983e1.jpg
147,59245111,https://g.petango.com/photos/3636/f5a42ca3-a583-4ee0-b873-c000ddb22734.jpg
148,59245116,https://g.petango.com/photos/3636/4e4ee7a6-639a-4e57-9721-b761014a326c.jpg
149,59245129,https://g.petango.com/photos/3636/c5e50cb1-439b-4af9-bdcc-2296dc5ec405.jpg
150,59245145,https://g.petango.com/photos/3636/166db25c-fcfb-4d77-8f7e-4fb0df913173.jpg
151,59245957,https://g.petango.com/photos/3636/65524940-3ed5-426e-9075-6e9bd05eb650.jpg
152,59246326,https://g.petango.com/photos/3636/71c58eb7-7e37-41f9-8614-9e2ca911052d.jpg
153,59248133,https://g.petango.com/photos/3636/9f8bd33d-c64c-4f43-8392-5a92c8299c19.jpg
154,59249136,https://g.petango.com/photos/3636/79f8b3ea-c063-4ae3-bdb7-210774a6178d.jpg
155,59252087,https://g.petango.com/photos/3636/46b638e1-f1e8-42bb-8645-12b2b754647e.jpg
156,59256270,https://g.petango.com/photos/3636/678e7a36-d929-4a92-90fc-9383a4caf1f9.jpg
157,59256330,https://g.petango.com/photos/3636/d1172981-063b-421c-a046-e301454622fe.jpg
158,59261309,https://g.petango.com/shared/Photo-Not-Available-cat.gif
159,59261311,https://g.petango.com/shared/Photo-Not-Available-cat.gif
160,59261319,https://g.petango.com/shared/Photo-Not-Available-cat.gif
161,59261323,https://g.petango.com/shared/Photo-Not-Available-cat.gif
162,59263670,https://g.petango.com/photos/3636/4e19989a-7847-40d8-ab29-c2191de78c39.jpg
163,59264961,https://g.petango.com/photos/3636/539c4005-4b2d-4320-8a7b-8cad08577a68.jpg
164,59266143,https://g.petango.com/photos/3636/33ab0b12-1cee-4d44-890d-1b36aa256818.jpg
165,53300757,https://g.petango.com/photos/3636/13af95e7-ff10-4572-8576-785934959add.jpg
166,53303339,https://g.petango.com/photos/3636/0709eaf9-e4af-4333-a701-682e30bbe8b6.jpg
167,53303591,https://g.petango.com/photos/3636/f85f12da-3499-47ef-94aa-2f0ea71c8abd.jpg
168,53312831,https://g.petango.com/photos/3636/f4cea170-e198-444f-90e4-cc86ea6fcde2.jpg
169,53591163,https://g.petango.com/photos/3636/796c7da4-b175-4d28-80ea-0028c1f59e12.jpg
170,53595877,https://g.petango.com/photos/3636/2d66063a-a77f-41ac-b532-226d579203b7.jpg
171,53596658,https://g.petango.com/photos/3636/27fbb234-cee4-44ab-8af1-841f2a9016a4.jpg
172,53600249,https://g.petango.com/photos/3636/c60433f3-e323-4c7b-b308-f0db783e6bc0.jpg
173,53600299,https://g.petango.com/photos/3636/2df69430-89f7-4555-9882-6043acd6a38d.jpg
174,53601345,https://g.petango.com/photos/3636/763ecc68-193c-456b-a871-135655c59763.jpg
175,53603468,https://g.petango.com/photos/3636/f949b1e8-95b3-4c34-94e2-def3b73f895d.jpg
176,53604168,https://g.petango.com/photos/3636/e63409a9-c695-4d5b-a6a6-89b0f8f0e000.jpg
177,53611747,https://g.petango.com/photos/3636/a5075627-b5cf-4c3a-856c-5f74274d65f8.jpg
178,53612126,https://g.petango.com/photos/3636/8f3e33e9-30e6-4cea-b044-2250a17a3aa3.jpg
179,53617955,https://g.petango.com/photos/3636/bfff8937-28f7-44c4-ab32-3ddbdf10fa76.jpg
180,53618690,https://g.petango.com/photos/3636/9431bcbf-cc19-4b08-bfd7-576df54531da.jpg
181,53618691,https://g.petango.com/photos/3636/b1bdacd6-6dbb-473e-9613-6c70c40add75.jpg
182,53621296,https://g.petango.com/photos/3636/e68f6043-3317-491a-b83a-25f1f5cd985c.jpg
183,53623474,https://g.petango.com/photos/3636/dbeae95f-f1f8-4227-a078-0491ca3582ef.jpg
184,53623485,https://g.petango.com/photos/3636/d725b18e-fea2-4906-9ca5-aebf2b1dbd79.jpg
185,53626387,https://g.petango.com/photos/3636/f56afdef-be2c-4ed5-9c45-fafc4f9db62b.jpg
186,53626727,https://g.petango.com/photos/3636/086f5a3e-9605-4987-b940-0257f611e31b.jpg
187,53630131,https://g.petango.com/photos/3636/1b8d59c9-c6d5-446a-a784-3169031467b5.jpg
188,53630143,https://g.petango.com/photos/3636/3734ebda-6fff-4f2f-911a-bd44bd5005f4.jpg
189,53632065,https://g.petango.com/photos/3636/10c467f1-69c1-439c-8586-e62f34bc24df.jpg
190,53632972,https://g.petango.com/photos/3636/ad2cf48b-ea31-4d8c-9663-6896fd131360.jpg
191,53633913,https://g.petango.com/photos/3636/14f632e9-b2b2-41a4-8b77-1e2964f24987.jpg
192,53633954,https://g.petango.com/photos/3636/15508a58-26c7-43e2-a105-54b9dfcda2fa.jpg
193,53635437,https://g.petango.com/photos/3636/b843058d-9cb8-4d71-8fd0-5dfc2bd569cd.jpg
194,53636779,https://g.petango.com/photos/3636/31d33fb3-f578-4c39-9a7b-46e2f5839b13.jpg
195,53637006,https://g.petango.com/photos/3636/28a3c8b9-d30d-4cbb-9f97-9797be8c1711.jpg
196,53848363,https://g.petango.com/photos/3636/df35cbc2-986e-496e-b777-6b163b2567ab.jpg
197,53911720,https://g.petango.com/photos/3636/52260f4c-adef-4757-ba9c-45bc454f77a0.jpg
198,54123479,https://g.petango.com/photos/3636/22d53071-022b-476d-bfe1-ac2dd783fb0d.jpg
199,54159016,https://g.petango.com/photos/3636/7bbc3e4c-239e-455f-a005-384ef2c8db0c.jpg
200,54577049,https://g.petango.com/photos/3636/9b70bc7b-1ccd-4045-aeab-fb2cd45d9e94.jpg
201,54649627,https://g.petango.com/photos/3636/fb1f6031-0e41-4207-a9d7-7e608652a561.jpg
202,54649638,https://g.petango.com/photos/3636/daca549e-14a5-42f4-bf34-970337c64e51.jpg
203,54667066,https://g.petango.com/photos/3636/042f4b3a-a0a4-4654-b71d-9e93664c459a.jpg
204,54759790,https://g.petango.com/photos/3636/1bae518d-45b3-4b7b-81b5-1edf030ff1ce.jpg
205,54765121,https://g.petango.com/photos/3636/f80fb57c-ed2f-43f8-8fa5-4f75e19a7e86.jpg
206,54963463,https://g.petango.com/photos/3636/1a6ca848-3605-41b9-b91f-515834660954.jpg
207,55025441,https://g.petango.com/photos/3636/af2ab6b4-400d-4da9-aa08-ca1b15806e59.jpg
208,55028046,https://g.petango.com/photos/3636/b800ac64-d93a-4133-8422-4516a3c0c8cf.jpg
209,55062948,https://g.petango.com/photos/3636/853f03fc-76f5-4172-bb1c-8494effd640e.jpg
210,55110303,https://g.petango.com/photos/3636/cf1a9b32-5655-4743-92f0-68d3ffdfd360.jpg
211,55111834,https://g.petango.com/photos/3636/5646cba7-b78d-4490-831a-f6752be21efb.jpg
212,55135794,https://g.petango.com/photos/3636/9a885199-956d-4d19-ad5d-9c3fdf52e68e.jpg
213,55170623,https://g.petango.com/photos/3636/045458e4-a3fe-4b46-a1e7-9d7b3de72736.jpg
214,55265231,https://g.petango.com/photos/3636/7809d35c-916e-490c-b4e7-114efff61a94.jpg
215,55393017,https://g.petango.com/photos/3636/754e4222-1d50-4fe0-beae-de8842c365fd.jpg
216,55454653,https://g.petango.com/photos/3636/25074488-069f-4fe2-92a5-5a763b144b69.jpg
217,55529436,https://g.petango.com/photos/3636/daa5ae11-999a-4cfc-b9b9-e3da1b1bf9da.jpg
218,55539587,https://g.petango.com/photos/3636/6dfdbc5b-0263-4756-a072-8a300f697dc8.jpg
219,55612570,https://g.petango.com/photos/3636/475c9ab7-82d8-433e-ace7-909b82aa6f9d.jpg
220,55649438,https://g.petango.com/photos/3636/4e86f00e-a136-41a8-bc80-853d291bc524.jpg
221,55675268,https://g.petango.com/photos/3636/a9eb4a33-3823-4deb-872e-49678912cba9.jpg
222,55697269,https://g.petango.com/photos/3636/401a055b-5111-4548-82bc-620db4eb18a5.jpg
223,55697364,https://g.petango.com/photos/3636/3bb59eeb-5510-4867-af00-37a06bcab0aa.jpg
224,55785509,https://g.petango.com/photos/3636/f146fc06-990a-40d4-b1c1-9fd41c3e4d84.jpg
225,55789122,https://g.petango.com/photos/3636/fe43bedd-f2a1-4090-9876-9784df17f8d6.jpg
226,55806684,https://g.petango.com/photos/3636/e056cb75-1925-4d06-99e1-53a7dae2d5bd.jpg
227,55857982,https://g.petango.com/photos/3636/b3d810cb-5e0b-43c8-adce-23633e5b11c7.jpg
228,55870173,https://g.petango.com/photos/3636/706df2bb-517c-454c-a2d3-350cc52719fc.jpg
229,55894440,https://g.petango.com/photos/3636/88e43936-6dee-4634-99a3-c20db87a2256.jpg
230,55905913,https://g.petango.com/photos/3636/bba0b672-3590-4a7f-aef0-f662ae8b5983.jpg
231,55923266,https://g.petango.com/photos/3636/7a67c956-7ebf-4b75-840e-cea8b9172ee6.jpg
232,55941918,https://g.petango.com/photos/3636/87b174d4-ae62-4cf7-a6ef-79c817345a50.jpg
233,55952142,https://g.petango.com/photos/3636/8511792d-5f76-4007-bd4c-253b763d5742.jpg
234,55954321,https://g.petango.com/photos/3636/8c9dc38f-ef7e-40f2-b42c-97a2bc540f95.jpg
235,55954982,https://g.petango.com/photos/3636/121e02f7-6e6a-4362-bb66-7c8735e5f55a.jpg
236,55971280,https://g.petango.com/photos/3636/a3db85b4-49ea-453b-9ec8-1426adec8930.jpg
237,56025635,https://g.petango.com/photos/3636/478002fc-a5e1-4c4f-a938-dc23e3925541.jpg
238,56032086,https://g.petango.com/photos/3636/1959c13e-f350-4633-910c-cfd3230598b6.jpg
239,56096120,https://g.petango.com/photos/3636/b1cb28e5-d447-4a4d-ac1a-1b526a89c3ae.jpg
240,56223206,https://g.petango.com/photos/3636/a77a745e-d8ee-4e11-8b56-2f159e7145f0.jpg
241,56261713,https://g.petango.com/photos/3636/efd04a02-fde9-4739-b6b0-dce8b483c2e4.jpg
242,56299774,https://g.petango.com/photos/3636/623dec18-27dc-4b25-9279-e745f687b286.jpg
243,56329160,https://g.petango.com/photos/3636/d131051c-e79f-459d-8558-ba83588ad09a.jpg
244,56354164,https://g.petango.com/photos/3636/b237d588-a3f9-43ad-b680-3ce181821822.jpg
245,56378001,https://g.petango.com/photos/3636/71bf7cae-aac5-4de3-90e1-2acd34b0fdbe.jpg
246,56388664,https://g.petango.com/photos/3636/5c50ed95-f9ba-4622-852e-7d7c0957423d.jpg
247,56408698,https://g.petango.com/photos/3636/d97c028f-7166-4c23-9a03-4f2150b59730.jpg
248,56417577,https://g.petango.com/photos/3636/8f5ba7ad-b791-4de1-a477-001f805a1c0f.jpg
249,56432711,https://g.petango.com/photos/3636/f1a5d5de-3362-4306-b002-c9323da9b443.jpg
250,56500648,https://g.petango.com/photos/3636/b047ae16-4637-429d-b677-a039acaa8522.jpg
251,56503718,https://g.petango.com/photos/3636/94ee3343-08f6-4591-92c8-94043f654659.jpg
252,56507497,https://g.petango.com/photos/3636/9391cfe9-a403-4d73-890c-f88cdbc8e5c3.jpg
253,56513366,https://g.petango.com/photos/3636/4487133c-cb7a-4d47-84fe-cfef67f5bbf0.jpg
254,56520035,https://g.petango.com/photos/3636/d0659c82-22f9-4b92-b9cf-209055d96f5e.jpg
255,56545695,https://g.petango.com/photos/3636/970896f4-3bae-4045-8193-d0033e5c5a72.jpg
256,56551335,https://g.petango.com/photos/3636/dc461a6f-5fff-4663-b846-18ba78a14ed3.jpg
257,56598333,https://g.petango.com/photos/3636/1b8eb9a8-90d3-43ed-9c62-d3c80319cda9.jpg
258,56628457,https://g.petango.com/photos/3636/d8b59e7a-07ab-486a-8093-d66e506c82cb.jpg
259,56629500,https://g.petango.com/photos/3636/4f32b59f-bb77-41ad-9b0a-dd4690cb95d3.jpg
260,56647661,https://g.petango.com/photos/3636/c7616d24-9c16-49bd-864b-d2b5779b6b6a.jpg
261,56673936,https://g.petango.com/photos/3636/ba62fa25-d3e7-4909-9e16-4f69fd9ee0cf.jpg
262,56676632,https://g.petango.com/photos/3636/1914d810-c9ba-448a-9db1-e23cfe1e1a5e.jpg
263,56689698,https://g.petango.com/photos/3636/445d35c5-a1d7-4309-86eb-dae0ff1b3433.jpg
264,56853475,https://g.petango.com/photos/3636/d4b8ca27-2919-4d37-915e-14800e487494.jpg
265,56868984,https://g.petango.com/photos/3636/62ddf4ae-d192-474a-a774-76dedb34ea5a.jpg
266,56878500,https://g.petango.com/photos/3636/e80197db-4a27-4130-af40-4d91236a8f56.jpg
267,56895909,https://g.petango.com/photos/3636/737d07a0-6760-4cac-b880-7220c3b43887.jpg
268,56927704,https://g.petango.com/photos/3636/9df1f8ce-a146-4b33-9c83-b41884cc14d3.jpg
269,56932246,https://g.petango.com/photos/3636/92d9b763-e6c2-4363-8da9-b6c236680269.jpg
270,56934062,https://g.petango.com/photos/3636/c07433d8-8daa-42bb-8adf-5dec782e0453.jpg
271,56944879,https://g.petango.com/photos/3636/d2872ae8-a667-41f2-a8a1-a1b571276fd0.jpg
272,56989366,https://g.petango.com/photos/3636/3d539ea5-abb2-4075-8db6-94692a15b330.jpg
273,56996026,https://g.petango.com/photos/3636/19eb6613-fa4e-42b5-b565-16cf0ddcb75f.jpg
274,57005310,https://g.petango.com/photos/3636/92c1a22c-9942-49ea-be75-f07c7f11c9cf.jpg
275,57025902,https://g.petango.com/photos/3636/be045de3-9f30-46d4-bb89-f8bf9f0f76e2.jpg
276,57051256,https://g.petango.com/photos/3636/81c1850f-d43f-4d21-814c-3c4a269a6bfb.jpg
277,57053942,https://g.petango.com/photos/3636/8a1e479f-0843-4ade-83f2-c4abb957bd28.jpg
278,57054603,https://g.petango.com/photos/3636/087fda8a-b6a3-4847-a9b2-29cabfe8b275.jpg
279,57066775,https://g.petango.com/photos/3636/f1f81ae8-6739-410d-902b-f7c37ec2636b.jpg
280,57072729,https://g.petango.com/photos/3636/ce389fe9-11e8-4985-b4a2-995480830a50.jpg
281,57075321,https://g.petango.com/photos/3636/be001c88-1908-44ee-9ddd-56986852c963.jpg
282,57081101,https://g.petango.com/photos/3636/72ae53c6-13f5-48f3-b10c-85b76a6741bd.jpg
283,57120707,https://g.petango.com/photos/3636/e87cd8a2-13e6-4fb2-af91-1480b1bd36c0.jpg
284,57161815,https://g.petango.com/photos/3636/521b10e3-5b0b-427d-bb39-1596eb531ece.jpg
285,57165859,https://g.petango.com/photos/3636/53ce5add-5040-4d53-b3d4-dc114b2b77a2.jpg
286,57165881,https://g.petango.com/photos/3636/4fe1f01e-7722-4ba4-9d12-3ae05b855e2b.jpg
287,57165899,https://g.petango.com/photos/3636/dd23436e-379b-478e-89ad-705d7a4eafa7.jpg
288,57177276,https://g.petango.com/photos/3636/5113b2f8-e405-42eb-b57e-08cca7795c6b.jpg
289,57203236,https://g.petango.com/photos/3636/8f50ad36-1968-4217-9c64-290a14bf1a13.jpg
290,57243693,https://g.petango.com/photos/3636/280a0576-d759-44e8-880d-3d9d01c682be.jpg
291,57252718,https://g.petango.com/photos/3636/2cf4fb9c-b827-4c45-998b-8a32433f8834.jpg
292,57256931,https://g.petango.com/photos/3636/780d21c5-941c-422d-baf3-de31bf52050e.jpg
293,57257626,https://g.petango.com/photos/3636/1b3133ad-0b2d-46b2-9e2c-6cdb0c8017b4.jpg
294,57261594,https://g.petango.com/photos/3636/8b4eb52a-2a60-40cb-8a33-d7ab4339c53a.jpg
295,57261805,https://g.petango.com/photos/3636/208f84f0-a118-42a0-b2eb-47852e615687.jpg
296,57292992,https://g.petango.com/photos/3636/16b12a6d-8b35-4bad-8435-9ec626fd2594.jpg
297,57301164,https://g.petango.com/photos/3636/d3873a0f-4128-48c6-97a9-3583bd29b00d.jpg
298,57303592,https://g.petango.com/photos/3636/a06e5182-59f0-447f-a504-5eecbce34012.jpg
299,57311730,https://g.petango.com/photos/3636/5a4fc5fb-f04d-48df-8e6b-c2cdab451598.jpg
300,57321831,https://g.petango.com/photos/3636/034ac297-907a-4436-ae1a-17cbfac17a9f.jpg
301,57327449,https://g.petango.com/photos/3636/3e9f0068-c154-4422-84e2-56f5926b89bc.jpg
302,57331299,https://g.petango.com/photos/3636/178ca5ae-1fe7-45fe-a13d-bb2398a057a3.jpg
303,57353143,https://g.petango.com/photos/3636/18656e2e-dd19-46fe-b0d9-32d17f707d0b.jpg
304,57361999,https://g.petango.com/photos/3636/7fd56638-97c2-4441-a1b2-d4c2fc518ba9.jpg
305,57378952,https://g.petango.com/photos/3636/6a662e3b-5047-4ad0-9181-d8a3ee553058.jpg
306,57411243,https://g.petango.com/photos/3636/3ae3937e-fc3d-4b8d-9399-1f788e98fed9.jpg
307,57425727,https://g.petango.com/photos/3636/32e4c4c0-837a-4203-b217-a155b06ce9c9.jpg
308,57439713,https://g.petango.com/photos/3636/d20aef40-aa41-4d8f-aa58-5c2563d1826e.jpg
309,57442724,https://g.petango.com/photos/3636/19b5b567-d4fd-4a26-ae17-423fdbaebbfe.jpg
310,57453715,https://g.petango.com/photos/3636/205ff47b-1bbf-49a2-920c-9dd158844405.jpg
311,57455043,https://g.petango.com/photos/3636/6123808c-2851-4f52-854c-7f798023db1b.jpg
312,57471755,https://g.petango.com/photos/3636/5568dceb-98f0-491b-aae1-24c87a597beb.jpg
313,57476702,https://g.petango.com/photos/3636/ab90983d-e6f3-4aaa-9c8c-1b32402dbb01.jpg
314,57478759,https://g.petango.com/photos/3636/8a4bddde-b757-491d-8f7a-4053925484df.jpg
315,57484538,https://g.petango.com/photos/3636/309a8088-931e-4141-94b7-a8676bb1ec2c.jpg
316,57489230,https://g.petango.com/photos/3636/d899ffd1-bf74-4078-9296-40572cb59fb2.jpg
317,57500056,https://g.petango.com/photos/3636/197d0496-8cff-49bf-bca1-09948c51b992.jpg
318,57500992,https://g.petango.com/photos/3636/06e63ba7-dd86-4296-a293-777af62804ad.jpg
319,57506506,https://g.petango.com/photos/3636/d8f5b31e-6cdc-4a7c-88e0-1acdb03bf510.jpg
320,57510470,https://g.petango.com/photos/3636/c0cd3280-05e4-4b14-a117-d482246eefa2.jpg
321,57512818,https://g.petango.com/photos/3636/dcb0454f-8c4f-4289-9489-30f0c846c5ca.jpg
322,57572441,https://g.petango.com/photos/3636/39e83aa7-a1b5-4356-9383-ff5a8c5a508a.jpg
323,57597695,https://g.petango.com/photos/3636/7af84a50-230c-4ad5-8590-ceb4fda69f8a.jpg
324,57609567,https://g.petango.com/photos/3636/214a70d1-82f1-4649-96cf-beade3b85c23.jpg
325,57614005,https://g.petango.com/photos/3636/bae15064-2861-4fde-a99a-f68bccad65a9.jpg
326,57639779,https://g.petango.com/photos/3636/4d0d6ab1-32db-4525-856f-7cdc80837fc0.jpg
327,57639835,https://g.petango.com/photos/3636/19f13903-9baf-4e57-86b4-2281adcf6820.jpg
328,57656410,https://g.petango.com/photos/3636/c9f75b37-d630-4b93-9cdf-7c02e38151ab.jpg
329,57663603,https://g.petango.com/photos/3636/bc1e9708-e9bc-4c5a-84ab-b7f7453c13a7.jpg
330,57673945,https://g.petango.com/photos/3636/11dc3c66-9301-4e9e-98fd-6a7cb717879f.jpg
331,57698813,https://g.petango.com/photos/3636/302b123c-9c22-41ea-96e6-62b25a699290.jpg
332,57721631,https://g.petango.com/photos/3636/d4fd426c-7a46-422c-9dfd-8b8316a018a7.jpg
333,57747654,https://g.petango.com/photos/3636/50aff82a-1b69-4771-9175-62a567124de6.jpg
334,57749805,https://g.petango.com/photos/3636/440a9165-eea0-4051-a8e6-be8f9f30cae3.jpg
335,57771723,https://g.petango.com/photos/3636/f9aeead3-016b-40ac-bc73-257fd41a5a67.jpg
336,57774743,https://g.petango.com/photos/3636/57e7bd32-d0b6-47be-9d89-265bebfd70a8.jpg
337,57776766,https://g.petango.com/photos/3636/276666d2-30ba-49e8-b33a-3c7972340074.jpg
338,57782104,https://g.petango.com/photos/3636/61e74ff8-4ce3-479a-8b7f-e2789b1d61ed.jpg
339,57801258,https://g.petango.com/photos/3636/17b9d119-35c0-44e9-891d-d369fd33f2cc.jpg
340,57806990,https://g.petango.com/photos/3636/9b7ef86e-3025-4d9c-9502-37042a7f7c7d.jpg
341,57809416,https://g.petango.com/photos/3636/114ab770-a6d8-42a4-ace7-4c158c6a9c7a.jpg
342,57813433,https://g.petango.com/photos/3636/ba260bc9-d3cb-4751-a07f-3f5e136240ec.jpg
343,57820720,https://g.petango.com/photos/3636/0bf49f8d-db45-4753-8022-ccdfce374c02.jpg
344,57821053,https://g.petango.com/photos/3636/eed6d788-5cf4-41d6-838d-71be9e33e1ba.jpg
345,57824667,https://g.petango.com/photos/3636/6821e154-25e8-44df-8a93-d40489996b59.jpg
346,57867271,https://g.petango.com/photos/3636/1dcf2884-1fed-490c-ac0e-420ca6ef9226.jpg
347,57885171,https://g.petango.com/photos/3636/5dfef01a-a84a-4830-94fb-462d5f527344.jpg
348,57901651,https://g.petango.com/photos/3636/9d823a5e-ede7-4de1-b641-4aea3fcc6788.jpg
349,57910867,https://g.petango.com/photos/3636/90604c66-7be6-4e33-9dda-7820360eb2f8.jpg
350,57918582,https://g.petango.com/photos/3636/e655a68c-82ca-46a9-a7b1-95d5f53d5ffb.jpg
351,57918810,https://g.petango.com/photos/3636/1cd9938b-1274-49c4-93f7-e4a04d1cbcbf.jpg
352,57938358,https://g.petango.com/photos/3636/933c26f1-3026-4771-8adc-b429005a6706.jpg
353,57942396,https://g.petango.com/photos/3636/8e53c144-93e1-4098-968d-d2d504e81975.jpg
354,57945065,https://g.petango.com/photos/3636/ac32f4c8-fb27-48a9-9bef-1e36945711c9.jpg
355,57965273,https://g.petango.com/photos/3636/cd5c6294-6bab-4689-b66d-e49d4b39bc06.jpg
356,57969626,https://g.petango.com/photos/3636/72a59e01-ef2a-43ed-aeed-775ef7c2a0cf.jpg
357,57973869,https://g.petango.com/photos/3636/18d37791-fc3c-4af0-a2dd-9b29b626e0de.jpg
358,57985936,https://g.petango.com/photos/3636/05573c90-9ce6-4f9a-a9c5-b53c2c12f8ef.jpg
359,57985953,https://g.petango.com/photos/3636/ba8efd5c-dda4-4fc6-8ab1-75023439c1de.jpg
360,57999103,https://g.petango.com/photos/3636/9cf47b9e-665e-42ba-915e-2c26ac010981.jpg
361,58000573,https://g.petango.com/photos/3636/2b63684a-2416-410c-8bc1-c475ac705970.jpg
362,58006328,https://g.petango.com/photos/3636/61c743a2-dddb-42dd-9ae7-0a4f2c9c839f.jpg
363,58006377,https://g.petango.com/photos/3636/f48edb78-5da5-4b27-9c26-4bd5b81a9160.jpg
364,58025499,https://g.petango.com/photos/3636/571978c1-217e-4359-9522-dc8406c98ecb.jpg
365,58031872,https://g.petango.com/photos/3636/e9c5c696-58b1-4355-9657-55c666c18bc3.jpg
366,58036198,https://g.petango.com/photos/3636/60bda20e-4206-46ed-8617-d76cf26aacdd.jpg
367,58038278,https://g.petango.com/photos/3636/5a272465-54c3-41a9-825a-3dede104e1b1.jpg
368,58042308,https://g.petango.com/photos/3636/fda7b59f-7236-4f13-9ecc-143147a0b0a4.jpg
369,58069584,https://g.petango.com/photos/3636/0981d842-70be-4eb4-b0b7-094cd0847685.jpg
370,58069967,https://g.petango.com/photos/3636/ad76072d-ee7b-4f8f-ab94-3154da8d5188.jpg
371,58070653,https://g.petango.com/photos/3636/108bee8a-512e-4d5e-bbb0-cf76b8653432.jpg
372,58100843,https://g.petango.com/photos/3636/b5c82967-98a5-46f9-abf8-7374123f0bff.jpg
373,58104749,https://g.petango.com/photos/3636/98f951bf-8033-4f35-897e-51483872ec81.jpg
374,58214995,https://g.petango.com/photos/3636/e1f23cc0-331a-47e0-bcc8-3e0a7e95ea99.jpg
375,58215215,https://g.petango.com/photos/3636/fee4c6bb-778a-49c6-a696-d901a9f23ee9.jpg
376,58216663,https://g.petango.com/photos/3636/adbab597-4467-480e-b7a7-7e8f3f306499.jpg
377,58240878,https://g.petango.com/photos/3636/30206c10-04bd-4157-a2df-cbcc33712e6e.jpg
378,58252924,https://g.petango.com/photos/3636/e138097f-6f99-48e4-9750-bd41f12c5fc2.jpg
379,58256503,https://g.petango.com/photos/3636/4cba898e-7f20-4f99-a20c-6fc7ea610647.jpg
380,58262189,https://g.petango.com/photos/3636/53bf48e2-9a60-40ab-8557-45833e63ec51.jpg
381,58262254,https://g.petango.com/photos/3636/0de3e60c-9da2-4cd8-b720-17af182183b4.jpg
382,58272077,https://g.petango.com/photos/3636/7ab8cd33-5d0f-464f-97e9-ae3e8b3862a8.jpg
383,58279327,https://g.petango.com/photos/3636/1379bfaa-857f-47c1-9745-cb7094756feb.jpg
384,58294937,https://g.petango.com/photos/3636/7e01c8d0-de5a-44ab-975f-609f8442ad19.jpg
385,58308340,https://g.petango.com/photos/3636/5ffeada1-ed75-40ba-a292-0356417281a3.jpg
386,58313508,https://g.petango.com/photos/3636/932e410e-ec7f-41ae-a902-3d046054670d.jpg
387,58314640,https://g.petango.com/photos/3636/5ff805e4-0aa0-424b-9cf9-4ade01e85e8c.jpg
388,58316435,https://g.petango.com/photos/3636/78db34f7-6125-4b1f-b708-15a678a5614d.jpg
389,58328118,https://g.petango.com/photos/3636/c9ffb125-2171-4e2d-a668-d33a8cb964ec.jpg
390,58338338,https://g.petango.com/photos/3636/277a1b87-b488-43d9-bd5e-2e8e518550f9.jpg
391,58340859,https://g.petango.com/photos/3636/685e9a26-3619-49f6-a09f-b1a69da334c7.jpg
392,58344455,https://g.petango.com/photos/3636/795bfc41-48b4-4573-9fa6-ddef3876b7c7.jpg
393,58345198,https://g.petango.com/photos/3636/6b5fa5d7-126d-4cf2-af39-51046834a7c0.jpg
394,58360897,https://g.petango.com/photos/3636/da535fa6-0220-4c76-aa15-608b02842a06.jpg
395,58364488,https://g.petango.com/photos/3636/ab2c69cc-1629-4694-a696-c4f199a05e63.jpg
396,58371891,https://g.petango.com/photos/3636/9591f342-6162-4890-9c08-bff5c6a2785b.jpg
397,58373394,https://g.petango.com/photos/3636/681c49ba-242f-4945-b893-ca058e920776.jpg
398,58375747,https://g.petango.com/photos/3636/1b4e5405-1a8d-49b7-aa45-537dba9e1ade.jpg
399,58385779,https://g.petango.com/photos/3636/f5e78301-8b8c-4bb6-9e0b-bd676de736a2.jpg
400,58398208,https://g.petango.com/photos/3636/88b6f647-3a38-4cc4-be77-b2a0fbc7b53d.jpg
401,58412684,https://g.petango.com/photos/3636/40563e4a-cfc7-4e23-9fea-e341f2c20ae5.jpg
402,58416589,https://g.petango.com/photos/3636/25581032-d0d2-4c09-86e3-4c3f5c1ba7bb.jpg
403,58428718,https://g.petango.com/photos/3636/9152b97d-fd48-4bb3-9cb0-4533f3b6bf79.jpg
404,58428732,https://g.petango.com/photos/3636/c5827ab8-48d2-45ee-b140-d9713e840f44.jpg
405,58434499,https://g.petango.com/photos/3636/c5760da2-9d7d-4072-af75-74145a30c20c.jpg
406,58435704,https://g.petango.com/photos/3636/eae9a022-b358-4c6c-ad85-2e120d6cbddb.jpg
407,58435739,https://g.petango.com/photos/3636/d110ff95-8b9f-4964-a2b0-8b41194de3f1.jpg
408,58436120,https://g.petango.com/photos/3636/d16ba2ff-c4b2-4594-988e-a41d26ad67db.jpg
409,58440781,https://g.petango.com/photos/3636/c88bebb3-80ed-46a1-a819-bad492d1649e.jpg
410,58446236,https://g.petango.com/photos/3636/656ee1dd-aec5-4320-9e58-5b77f90567d8.jpg
411,58450905,https://g.petango.com/photos/3636/3c81f937-5b1a-4c49-9ba5-b3ff67963769.jpg
412,58455126,https://g.petango.com/photos/3636/24e65e46-3198-4716-85da-35d57b75dd8a.jpg
413,58463186,https://g.petango.com/photos/3636/c056a1e7-9faa-4874-bac2-d0f69a5500dc.jpg
414,58463804,https://g.petango.com/photos/3636/a51e8698-738b-4784-b911-6fe116907fe2.jpg
415,58479830,https://g.petango.com/photos/3636/37355012-6a29-417f-911c-3cccd1c71fdd.jpg
416,58483232,https://g.petango.com/photos/3636/ffaa40e4-ee84-4247-a697-89f005b1cea8.jpg
417,58491085,https://g.petango.com/photos/3636/2c493f36-493c-4b47-8608-6771c5b4fd52.jpg
418,58504117,https://g.petango.com/photos/3636/e6410250-a7c3-4474-8a5e-325560795b02.jpg
419,58504121,https://g.petango.com/photos/3636/7981d614-8336-438b-93b4-62dff9e89a3e.jpg
420,58515382,https://g.petango.com/photos/3636/c38b18de-0423-4189-99ca-83281b6c6710.jpg
421,58519911,https://g.petango.com/photos/3636/98588948-3d0e-41d8-95fc-d3e6cfa9c0dc.jpg
422,58520937,https://g.petango.com/photos/3636/6078235d-02f1-4ca9-a33a-d64537f4ca94.jpg
423,58526024,https://g.petango.com/photos/3636/7a9aebf6-4eb8-4b4e-8214-15806e212026.jpg
424,58528237,https://g.petango.com/photos/3636/9c4795e6-7211-46a0-809a-76f832c41d43.jpg
425,58532519,https://g.petango.com/photos/3636/49bc675b-375c-4d96-ac1c-2ed0e51a7c42.jpg
426,58535722,https://g.petango.com/photos/3636/01ff20b5-b1dc-49dd-bb80-411425661e2c.jpg
427,58536166,https://g.petango.com/photos/3636/15a04482-3b95-4942-b7e2-d0b7841fc546.jpg
428,58542594,https://g.petango.com/photos/3636/91cbf3d7-99a5-4f18-89d0-d7bf4637a406.jpg
429,58544482,https://g.petango.com/photos/3636/6bae7f40-ef59-4876-add4-0158a11270cd.jpg
430,58548468,https://g.petango.com/photos/3636/929d4eb2-7cbd-435c-a1de-1d328513e061.jpg
431,58548793,https://g.petango.com/photos/3636/b7befb93-8484-458b-b417-6989b3ca1dd3.jpg
432,58560639,https://g.petango.com/photos/3636/e0ca3785-4a32-4c09-bb2f-f077095ebb8e.jpg
433,58570960,https://g.petango.com/photos/3636/93d75dc7-2174-4d31-b523-967d5614c858.jpg
434,58571158,https://g.petango.com/photos/3636/f1615a35-c9ec-40ef-ba06-6bec528772dc.jpg
435,58574390,https://g.petango.com/photos/3636/9ffae4d9-2914-4bdb-90cd-b07247dab462.jpg
436,58575776,https://g.petango.com/photos/3636/f26cd01d-dd73-4776-b391-552bdff00eac.jpg
437,58576129,https://g.petango.com/photos/3636/ffd1d2c6-b62d-40a2-9da6-9cf070510656.jpg
438,58579869,https://g.petango.com/photos/3636/d6fed64b-b1d2-4da8-967b-038e8a646c03.jpg
439,58579871,https://g.petango.com/photos/3636/2ae65b49-bb82-4034-8dea-02422fb5e278.jpg
440,58583184,https://g.petango.com/photos/3636/bf80d5a3-5069-43a3-a653-3ef86d9068d3.jpg
441,58588407,https://g.petango.com/photos/3636/cd1d0293-2081-4fd4-8540-d9d54a9ff2fa.jpg
442,58600356,https://g.petango.com/photos/3636/070650fd-35e2-4c60-a8ea-defcefe10ab1.jpg
443,58602321,https://g.petango.com/photos/3636/8bd6b16b-cb1c-42a5-aeda-d804c0b90adb.jpg
444,58607230,https://g.petango.com/photos/3636/67309b7d-d908-467a-8a58-15f7a32d2e08.jpg
445,58607804,https://g.petango.com/photos/3636/82f96e3e-2c94-40d4-a36b-9b8bc51fe0d7.jpg
446,58609148,https://g.petango.com/photos/3636/f675e13d-b23c-446c-ac33-70677029226d.jpg
447,58613596,https://g.petango.com/photos/3636/d495f9a1-4124-407e-9ced-0b94f1b9dee6.jpg
448,58615060,https://g.petango.com/photos/3636/4df2405c-3f64-4762-979f-a00e13189cca.jpg
449,58616717,https://g.petango.com/photos/3636/c1a215d1-2730-46f2-921f-517efb15ef12.jpg
450,58620616,https://g.petango.com/photos/3636/107b5898-edc3-45df-a121-502e78a22324.jpg
451,58625088,https://g.petango.com/photos/3636/43c8d2c4-f4d4-46d8-a066-5e978682f813.jpg
452,58629781,https://g.petango.com/photos/3636/046fdecd-d65e-4715-90ec-4b5e1ac65117.jpg
453,58635759,https://g.petango.com/photos/3636/05607fda-35d6-402f-8966-52575afec3de.jpg
454,58637692,https://g.petango.com/photos/3636/78437178-82c4-4670-84ee-5058d254b505.jpg
455,58638071,https://g.petango.com/photos/3636/a1153137-1c7d-4b81-9e53-ad75043c50ef.jpg
456,58638515,https://g.petango.com/photos/3636/5135d224-3034-4a2d-8225-39fabc2df4de.jpg
457,58640735,https://g.petango.com/photos/3636/9597b024-40b2-43ab-94c1-992bc6203156.jpg
458,58646785,https://g.petango.com/photos/3636/0bfc9421-2b47-41f2-8ee3-5293ed0545d4.jpg
459,58648841,https://g.petango.com/photos/3636/80d89e50-0c74-421f-b3e8-c1a97cb2ce17.jpg
460,58652764,https://g.petango.com/photos/3636/4f500b57-16fe-4b9f-b459-c172553a0b62.jpg
461,58655383,https://g.petango.com/photos/3636/7b83024f-ba4b-40ca-b12d-3926cab553d6.jpg
462,58658572,https://g.petango.com/photos/3636/765bae08-1efa-405b-952a-3413406a7673.jpg
463,58659823,https://g.petango.com/photos/3636/5b8b25d9-8a62-4777-8a27-8eee1492597c.jpg
464,58660752,https://g.petango.com/photos/3636/63a159a1-bf07-42da-80bd-1708820653bf.jpg
465,58666623,https://g.petango.com/photos/3636/22563b21-dc26-431c-8239-d9f9a8f59aaf.jpg
466,58668136,https://g.petango.com/photos/3636/3bb318bc-2932-4b1c-8774-740336c5695c.jpg
467,58673772,https://g.petango.com/photos/3636/5ece57b8-c073-47ed-a195-f3e32fff3b68.jpg
468,58679072,https://g.petango.com/photos/3636/3cfd7dad-15b2-407d-a1a1-f022da5b7f26.jpg
469,58706791,https://g.petango.com/photos/3636/6625f586-e0e9-47b7-b641-072817289ed4.jpg
470,58728393,https://g.petango.com/photos/3636/a04a332b-b9cb-4390-99fb-c85de1b8a7a7.jpg
471,58728464,https://g.petango.com/photos/3636/b5a877ba-e76d-485b-9ad3-bb6dfdb72d73.jpg
472,58728472,https://g.petango.com/photos/3636/f37e8d5c-6cb0-4d24-a110-5ea16155eb98.jpg
473,58730013,https://g.petango.com/photos/3636/40356203-b7a0-4531-98d8-e2377e0b1728.jpg
474,58740566,https://g.petango.com/photos/3636/0d650365-4a41-48f8-80cb-9e0519ba8172.jpg
475,58743820,https://g.petango.com/photos/3636/309daa81-caf7-4b57-86f2-a63d105f9c37.jpg
476,58757108,https://g.petango.com/photos/3636/2d8dc178-055d-41b8-9d48-4bee18fa0230.jpg
477,58762135,https://g.petango.com/photos/3636/be6b034e-9df7-4319-ac70-30e1df27ea90.jpg
478,58762439,https://g.petango.com/photos/3636/f97cd159-06f8-4a54-8809-1c39ab023311.jpg
479,58763780,https://g.petango.com/photos/3636/e0366220-589a-4932-9fd6-5d4f6ac4e493.jpg
480,58766779,https://g.petango.com/photos/3636/1572d4d6-8a89-40f6-b84a-3b97128ffe6a.jpg
481,58771442,https://g.petango.com/photos/3636/1e2ad153-81e5-4fa4-a6f7-c7bf5889dbde.jpg
482,58778619,https://g.petango.com/photos/3636/345b7a49-8583-4121-9719-474493839c1a.jpg
483,58782548,https://g.petango.com/photos/3636/c69d8ea3-59ff-4059-8f53-76e4a3f1f1ea.jpg
484,58795005,https://g.petango.com/photos/3636/187fced0-8d27-4a87-b46f-1a49ebd3a22c.jpg
485,58804090,https://g.petango.com/photos/3636/91da4529-c3c5-4534-9784-dcb1f024546c.jpg
486,58809387,https://g.petango.com/photos/3636/f04be80e-3871-44c0-ab47-5e02ed6dd1c1.jpg
487,58820168,https://g.petango.com/photos/3636/4c371d40-f159-4965-8d64-09c5a6d6159d.jpg
488,58820818,https://g.petango.com/photos/3636/c7b5a2f9-a914-47c5-b441-f4495e15dfd8.jpg
489,58822047,https://g.petango.com/photos/3636/39198046-2deb-4e0e-a413-e608f4bb017f.jpg
490,58831101,https://g.petango.com/photos/3636/180c1aa9-c4b8-4a7d-8796-e42c71b97052.jpg
491,58841665,https://g.petango.com/photos/3636/8efd3f91-2ea2-4010-8a7b-39ed670528a6.jpg
492,58844546,https://g.petango.com/photos/3636/0403eb93-0773-429c-8cd0-da285ee59a3f.jpg
493,58847356,https://g.petango.com/photos/3636/2da3f843-ce73-48e3-9342-1fb56ccc4cae.jpg
494,58848637,https://g.petango.com/photos/3636/fe16e1ad-d823-49c4-9dd2-57c1bf6c0a43.jpg
495,58850516,https://g.petango.com/photos/3636/3b9b0c92-0cdf-4b3e-946a-6ff375ced2b0.jpg
496,58852011,https://g.petango.com/photos/3636/85f8a395-9594-406f-9ca1-9c6a3347ac88.jpg
497,58853857,https://g.petango.com/photos/3636/5a361e8c-2dba-4337-a310-97f2b0705102.jpg
498,58853970,https://g.petango.com/photos/3636/65073c75-f71d-4ec3-a8fc-c88bb83a5d06.jpg
499,58855116,https://g.petango.com/photos/3636/e7ea89ad-bc8f-45b2-a0ef-d32a1ac021eb.jpg
500,58855489,https://g.petango.com/photos/3636/501d823c-3706-40ca-b45e-ff5900c1bc06.jpg
501,58856146,https://g.petango.com/photos/3636/385f0d19-6c16-4e6e-9791-e655dfb631d2.jpg
502,58856656,https://g.petango.com/photos/3636/b0201a07-f5f5-4e76-adea-85979bf36009.jpg
503,58857283,https://g.petango.com/photos/3636/51f86e89-2cb4-4a51-9f3d-e13a6e81643f.jpg
504,58858235,https://g.petango.com/photos/3636/8b027d66-8879-4cb2-8dfe-325ccd22899e.jpg
505,58859172,https://g.petango.com/photos/3636/d8517ea1-a3f9-419d-8693-686dfcb65ad5.jpg
506,58864035,https://g.petango.com/photos/3636/70cb024c-772a-44c1-8b4b-5915d0bbe744.jpg
507,58867555,https://g.petango.com/photos/3636/ee534592-9285-49f3-aebd-2e30d2c9b2d4.jpg
508,58869078,https://g.petango.com/photos/3636/1bf049dc-5de6-4003-94c8-1b19c5220c84.jpg
509,58870352,https://g.petango.com/photos/3636/e0f65678-5f9e-4bbd-a137-6cdee9f00bed.jpg
510,58870361,https://g.petango.com/photos/3636/21b7e115-20a7-4389-84a8-d800ce2bc852.jpg
511,58870368,https://g.petango.com/photos/3636/ac50fe4b-6670-4e51-b6fc-eae45f3e8436.jpg
512,58870423,https://g.petango.com/photos/3636/046c7ef3-2fd8-4673-8aab-54630fa8b7ee.jpg
513,58871529,https://g.petango.com/photos/3636/4d9a0231-5bb8-41e1-b346-ca6317ce0c88.jpg
514,58872755,https://g.petango.com/photos/3636/94776da1-225d-4498-89e9-35b94c5be87f.jpg
515,58875618,https://g.petango.com/photos/3636/bac4486a-3460-4e3b-bc93-2c27821e7417.jpg
516,58879473,https://g.petango.com/photos/3636/f6f6f25c-b66b-46dc-9bc8-d735510cf0eb.jpg
517,58881259,https://g.petango.com/photos/3636/dd9d5509-f1ba-4fe1-8ef3-7f518052f65c.jpg
518,58882547,https://g.petango.com/photos/3636/ba9fd9bf-704a-484b-981d-047c289716d2.jpg
519,58883962,https://g.petango.com/photos/3636/8232a205-03eb-46e4-9527-2fc9c931b902.jpg
520,58884817,https://g.petango.com/photos/3636/190747e2-95f0-4868-8fc6-6347c844f27d.jpg
521,58884826,https://g.petango.com/photos/3636/928a6409-2fad-420f-89f6-642b1164ea1a.jpg
522,58886517,https://g.petango.com/photos/3636/cdb7c593-f5dc-4047-a61c-3e687f5adab8.jpg
523,58890026,https://g.petango.com/photos/3636/8d569806-ab23-40c4-bb7d-ae84a6dd4075.jpg
524,58896193,https://g.petango.com/photos/3636/3d683471-f491-4553-838e-374e1fde898c.jpg
525,58897336,https://g.petango.com/photos/3636/9d41f8c0-bdc2-45b3-b180-211cb5d92e32.jpg
526,58900098,https://g.petango.com/photos/3636/18f4b925-6c78-4605-a60e-b06d6523a30b.jpg
527,58900557,https://g.petango.com/photos/3636/4d8b6706-cad9-4735-975a-33f34ff7d587.jpg
528,58901520,https://g.petango.com/photos/3636/5195076f-f0d4-44a8-9474-4e3ecbcc4dd4.jpg
529,58904828,https://g.petango.com/photos/3636/0f790115-861a-44b3-95e7-0066a9339671.jpg
530,58908520,https://g.petango.com/photos/3636/b551e3bd-e261-47f5-b45b-abf210b8862d.jpg
531,58912618,https://g.petango.com/photos/3636/48d38acd-0154-4a52-86c4-4fd7d8aa633b.jpg
532,58912690,https://g.petango.com/photos/3636/2a461b8b-6e19-4ebb-bce4-d852e1a08927.jpg
533,58912886,https://g.petango.com/photos/3636/bb72006e-fd9e-4b4d-b457-5bd57f459467.jpg
534,58915433,https://g.petango.com/photos/3636/c26c9b02-4486-412f-af7b-045d8a0051d1.jpg
535,58916541,https://g.petango.com/photos/3636/b5bc7303-fa4e-462e-baaf-90d280e120e2.jpg
536,58916889,https://g.petango.com/photos/3636/76cbf179-6051-4555-8855-3538332cbc3a.jpg
537,58920051,https://g.petango.com/photos/3636/af97e68f-cd10-4f04-9231-d59ce7e146aa.jpg
538,58923121,https://g.petango.com/photos/3636/64f3bb4d-666d-44e3-bf45-816b2159f310.jpg
539,58923804,https://g.petango.com/photos/3636/919e598a-7787-4545-86d3-07b3b16c32fc.jpg
540,58923968,https://g.petango.com/photos/3636/89ceb508-f6d8-428a-a062-c163157ee2c1.jpg
541,58925965,https://g.petango.com/photos/3636/b7b1c192-eac8-4a12-a2fa-de30cb02e33b.jpg
542,58929784,https://g.petango.com/photos/3636/d3994933-3040-48de-b662-5878a6581244.jpg
543,58932264,https://g.petango.com/photos/3636/00397057-50bd-4264-91fb-85226efd17bf.jpg
544,58933580,https://g.petango.com/photos/3636/f49c75a8-4675-4bef-b5b5-6db8c0ca0200.jpg
545,58936565,https://g.petango.com/photos/3636/2e80cfe7-1a8b-4444-96a9-6363a68ca849.jpg
546,58937435,https://g.petango.com/photos/3636/0d980727-bbca-4c8e-a667-1e08f77922f1.jpg
547,58937667,https://g.petango.com/photos/3636/d0879329-eb97-4522-93f4-58dcecbe8e09.jpg
548,58940587,https://g.petango.com/photos/3636/d97904c6-6345-4443-9caa-fc35266ef423.jpg
549,58941410,https://g.petango.com/photos/3636/647898b3-712a-4484-838f-36605aa2b216.jpg
550,58943403,https://g.petango.com/photos/3636/17a9cd76-7092-407a-8247-7ea5e36ff0c3.jpg
551,58943849,https://g.petango.com/photos/3636/78551ab7-291d-4297-9109-64003e4de4cc.jpg
552,58943859,https://g.petango.com/photos/3636/6244dceb-f5a2-4c00-9ba8-477cb7fd7b7f.jpg
553,58943866,https://g.petango.com/photos/3636/ae975409-638d-4437-905d-b9090e45f937.jpg
554,58945194,https://g.petango.com/photos/3636/d20ba1e3-232c-4704-956f-280d1c6a20f4.jpg
555,58945559,https://g.petango.com/photos/3636/440de650-7850-4b0a-b21d-614aba26face.jpg
556,58948812,https://g.petango.com/photos/3636/1e25da7c-d8f9-4e29-9395-19c291aef2df.jpg
557,58950235,https://g.petango.com/photos/3636/fc949efa-6917-40d7-857f-7ae0af2dadc9.jpg
558,58950523,https://g.petango.com/photos/3636/b54f6bde-2c32-4c45-9634-9a45668ed526.jpg
559,58950632,https://g.petango.com/photos/3636/13f57510-7db7-4b83-ab8c-7b178766bf4f.jpg
560,58950641,https://g.petango.com/photos/3636/1b8b7e6d-48a7-4236-ba92-c99816da9302.jpg
561,58952168,https://g.petango.com/photos/3636/233cb606-cf32-4279-bb5a-57d2853531be.jpg
562,58953978,https://g.petango.com/photos/3636/a664da15-6105-4019-98dc-b42f39db73be.jpg
563,58953982,https://g.petango.com/photos/3636/b2747278-9bde-4364-ac38-c092e4026b51.jpg
564,58956070,https://g.petango.com/photos/3636/a22e7692-bc96-440a-96d4-31066ba629c2.jpg
565,58956679,https://g.petango.com/photos/3636/fd546343-f6f1-420e-949a-11687e7cf8b7.jpg
566,58961127,https://g.petango.com/photos/3636/92e567b8-7988-4ef2-9697-e6eafe7cca1e.jpg
567,58962389,https://g.petango.com/photos/3636/9701ff76-a947-48af-ab8c-c8a9e1fa13d9.jpg
568,58962394,https://g.petango.com/photos/3636/d743e1cc-e547-44a0-9d68-4c9f4c33911a.jpg
569,58962398,https://g.petango.com/photos/3636/4fa0496e-4e08-44fa-aba2-4ae1039f5003.jpg
570,58964897,https://g.petango.com/photos/3636/bc4b0e27-d604-4d8f-b2c1-84326c2bc22f.jpg
571,58965409,https://g.petango.com/photos/3636/a3c2e299-9624-4ec5-877f-3f0a4fdf853f.jpg
572,58970141,https://g.petango.com/photos/3636/ea595a8e-391b-4489-ba12-672213ba7138.jpg
573,58970450,https://g.petango.com/photos/3636/4e1f2e0d-9913-49bf-a33d-d6502d980dc7.jpg
574,58970456,https://g.petango.com/photos/3636/d7011168-645a-49da-9e4d-f7737950bbb6.jpg
575,58970953,https://g.petango.com/photos/3636/4774c07f-3608-48fa-ba7a-a68bcdb623e5.jpg
576,58972613,https://g.petango.com/photos/3636/eba253fc-c54e-48bd-8752-6964f805164d.jpg
577,58973635,https://g.petango.com/photos/3636/b735e00c-e798-4c6b-afc0-c988339b6230.jpg
578,58978092,https://g.petango.com/photos/3636/88ed7fb1-c946-4937-a848-f96b66782302.jpg
579,58978213,https://g.petango.com/photos/3636/dbfb7b78-656f-47f3-880e-8e7c487b516d.jpg
580,58978654,https://g.petango.com/photos/3636/43298698-5af9-47e0-a430-bc16dd71cd8b.jpg
581,58985496,https://g.petango.com/photos/3636/c15aaf93-b61f-41e7-8293-95e6c3404b0c.jpg
582,58985823,https://g.petango.com/photos/3636/cead86f8-a8e1-44c5-8a1d-6df9d9c58543.jpg
583,58988613,https://g.petango.com/photos/3636/b574ab87-16a3-49a8-9d3a-df5cf9f9726f.jpg
584,58991484,https://g.petango.com/photos/3636/80fece35-5600-458f-b1fa-d3a75d56e883.jpg
585,58991756,https://g.petango.com/photos/3636/b8c552a8-c425-4282-889b-ebaca008709f.jpg
586,58993234,https://g.petango.com/photos/3636/4d4aca4a-b6d6-4cdf-9a34-29b8e9c79032.jpg
587,58994062,https://g.petango.com/photos/3636/916ffe24-4fda-4265-b964-905e33e7b98e.jpg
588,58994579,https://g.petango.com/photos/3636/3e2a1671-398c-4014-bbe7-6ddaf9802982.jpg
589,58996287,https://g.petango.com/photos/3636/7a5d007b-f621-4b46-beba-d78c8ce215bf.jpg
590,58996759,https://g.petango.com/photos/3636/73a62f17-fc15-4de6-a8df-23501e701af8.jpg
591,58998237,https://g.petango.com/photos/3636/8e0b8a00-0514-4d3d-b014-396cc5190a07.jpg
592,58998761,https://g.petango.com/photos/3636/c1ad1840-cbab-445f-98e9-de416eb6686a.jpg
593,58999057,https://g.petango.com/photos/3636/437eb203-0877-4128-9626-302050c40ea0.jpg
594,58999289,https://g.petango.com/photos/3636/5bf1056b-0d73-4e7a-b7b3-e85689b33d35.jpg
595,58999518,https://g.petango.com/photos/3636/006d02ac-9802-4f1b-9651-1985d7cd05bc.jpg
596,59004782,https://g.petango.com/photos/3636/89c86070-d177-423d-8c6c-b3758977a538.jpg
597,59005672,https://g.petango.com/photos/3636/5bc0f798-3ac1-4f6a-9770-4dd3d79bdecd.jpg
598,59005850,https://g.petango.com/photos/3636/fb53c5a8-649a-4e6e-8037-9e07122aeab9.jpg
599,59005876,https://g.petango.com/photos/3636/ebc5faea-ecd2-4605-a2d3-5e43cde32101.jpg
600,59006004,https://g.petango.com/photos/3636/b243e973-aa2c-4b5d-a048-3e239f20dcac.jpg
601,59006048,https://g.petango.com/photos/3636/65d25692-be6c-47cd-bb9e-5f1b457ce107.jpg
602,59006751,https://g.petango.com/photos/3636/63add4c5-8b71-47b2-9c38-06ad8f124036.jpg
603,59007738,https://g.petango.com/photos/3636/5f630f47-45ca-4dbd-a813-e7cbe0de7300.jpg
604,59007743,https://g.petango.com/photos/3636/17165775-7be8-470f-ac13-226ae58f1fc4.jpg
605,59008519,https://g.petango.com/photos/3636/5eddaccf-c291-4d8a-a8fa-397719a2ab21.jpg
606,59010208,https://g.petango.com/photos/3636/222cb696-48fd-4bbe-829a-960c56b34840.jpg
607,59011050,https://g.petango.com/photos/3636/4c4ff346-a3af-4bc0-af9c-fe5947eca0b3.jpg
608,59015488,https://g.petango.com/photos/3636/ee109350-963a-47c3-a382-2fd447b409f3.jpg
609,59018741,https://g.petango.com/photos/3636/0ef3aa13-fee4-4b36-a3b2-00706787e95f.jpg
610,59018919,https://g.petango.com/photos/3636/704dde9e-2b8d-4453-8f37-da8e79836529.jpg
611,59019474,https://g.petango.com/photos/3636/b3a351dc-c31a-4dd2-a67c-303a7db39fbc.jpg
612,59020042,https://g.petango.com/photos/3636/6517bb88-4b3e-403b-9688-07010f593623.jpg
613,59023440,https://g.petango.com/photos/3636/24a810ef-ea4a-45fa-8fb7-a78cc2313474.jpg
614,59025512,https://g.petango.com/photos/3636/a79550b9-839b-4f9b-8d79-5fbbcb73a88e.jpg
615,59026165,https://g.petango.com/photos/3636/552902f3-e74f-4fff-8991-bacf49ac7df1.jpg
616,59027650,https://g.petango.com/photos/3636/9cca51a6-c55e-4c69-970a-30f82b6f5bca.jpg
617,59028091,https://g.petango.com/photos/3636/a5d58970-6c1c-4b9c-b17c-1add04df4daa.jpg
618,59030332,https://g.petango.com/photos/3636/086514d5-1ce0-4c9c-aac6-7ba4cfa97f30.jpg
619,59031231,https://g.petango.com/photos/3636/d61dc360-ffc8-4dd9-a54b-66182260021e.jpg
620,59031986,https://g.petango.com/photos/3636/0345ba82-2643-4ab9-b39b-d2f9f8d73691.jpg
621,59032318,https://g.petango.com/photos/3636/aeb02e64-d88d-44dd-b42f-01eb9d5641c6.jpg
622,59033724,https://g.petango.com/photos/3636/c3cec42b-8c62-4db2-b744-0a563188bc7b.jpg
623,59037447,https://g.petango.com/photos/3636/cbae198e-0a90-41aa-9cec-203cf581325b.jpg
624,59037942,https://g.petango.com/photos/3636/fad0c9ec-de50-4258-b863-088e70c1100f.jpg
625,59042315,https://g.petango.com/photos/3636/d00eff1c-3494-4a5d-a896-521d3618f599.jpg
626,59042443,https://g.petango.com/photos/3636/4d893363-5f41-4936-939a-651879a1b672.jpg
627,59044513,https://g.petango.com/photos/3636/1d07c14b-7c61-4e65-ac90-82ef8282db08.jpg
628,59045109,https://g.petango.com/photos/3636/4da7a212-4cf8-40aa-880a-ed02301d53a2.jpg
629,59045111,https://g.petango.com/photos/3636/2938b3db-5754-47f4-908f-f001081aeccd.jpg
630,59045973,https://g.petango.com/photos/3636/181f267b-125f-4a12-aff1-73d25814b5b8.jpg
631,59047525,https://g.petango.com/photos/3636/3c12f145-ed3e-495c-a00c-54deebd6cfae.jpg
632,59047527,https://g.petango.com/photos/3636/e22cf5c0-576b-471d-91ee-670c2b339e9c.jpg
633,59047534,https://g.petango.com/photos/3636/4bdba85e-beae-4fdc-ba6a-a7ffdf23195f.jpg
634,59047768,https://g.petango.com/photos/3636/aac7edd1-4797-48e7-83eb-8362609f0291.jpg
635,59047995,https://g.petango.com/photos/3636/80e788ab-5637-4ee9-a01f-d264db7248d5.jpg
636,59048069,https://g.petango.com/photos/3636/15796c81-4709-4186-935b-6c9bd9ad09f0.jpg
637,59050743,https://g.petango.com/photos/3636/a5ceb605-c813-48ea-9b53-de2e0f46da81.jpg
638,59053506,https://g.petango.com/photos/3636/41534822-e094-4836-af78-8dbb8faefcfc.jpg
639,59053543,https://g.petango.com/photos/3636/b3bb2ecc-9aeb-45dc-a316-0000c6655809.jpg
640,59055438,https://g.petango.com/photos/3636/0bc1c9f0-3759-4e8f-8e3c-28bbaa1b1ed6.jpg
641,59057788,https://g.petango.com/photos/3636/311d87dc-b868-4173-a8eb-e13dabfb4702.jpg
642,59059299,https://g.petango.com/photos/3636/224ed806-96f4-4951-9c44-99d6c5036ce3.jpg
643,59060477,https://g.petango.com/photos/3636/6339d2ed-d578-423c-95ff-b3d7157ae8c5.jpg
644,59061547,https://g.petango.com/photos/3636/9551aa89-37f1-4de9-a8df-d7f707954fd4.jpg
645,59061552,https://g.petango.com/photos/3636/d0d5f2a9-a860-4166-a1cc-12b7b14b71f8.jpg
646,59061555,https://g.petango.com/photos/3636/7bd5c668-3cc4-4862-aec9-479a9c9983cd.jpg
647,59061882,https://g.petango.com/photos/3636/66b7d1ac-4a75-4c28-96fd-ebefcb338954.jpg
648,59062583,https://g.petango.com/photos/3636/f5fc9d48-6a62-4dcd-91d3-3c71977effaa.jpg
649,59064014,https://g.petango.com/photos/3636/1f5653b4-5f30-4ca1-b939-b635cd7d7811.jpg
650,59068647,https://g.petango.com/photos/3636/349d7ac1-ecb9-40d4-9165-da2668048549.jpg
651,59068907,https://g.petango.com/photos/3636/d81d6df9-eb46-4cab-85a5-b4bfab7c6668.jpg
652,59068979,https://g.petango.com/photos/3636/f2233b12-417c-4124-a6b6-b9b666c9ec1f.jpg
653,59069127,https://g.petango.com/photos/3636/6338d05b-f95f-4a02-bfc7-ba4bbe76aa17.jpg
654,59069137,https://g.petango.com/photos/3636/dd7acce6-4a4c-4e63-bc32-5f007fac0402.jpg
655,59069720,https://g.petango.com/photos/3636/4173b3f1-edc5-4742-a5fe-be405ca36e6c.jpg
656,59069721,https://g.petango.com/photos/3636/5b832acb-2100-478f-a1d5-6cd385aaa83b.jpg
657,59069956,https://g.petango.com/photos/3636/721a0cad-28dd-43ca-8a93-6df4459f34e5.jpg
658,59070135,https://g.petango.com/photos/3636/da756e71-5ef5-41f8-af69-869145ed289e.jpg
659,59070942,https://g.petango.com/photos/3636/f7a3b5e8-5d45-4d21-8f26-f8148da4a0c5.jpg
660,59071245,https://g.petango.com/photos/3636/ae18ea83-2c8c-4aea-bbcd-6a1bf4b3c84e.jpg
661,59072898,https://g.petango.com/photos/3636/185a2e96-60a9-4a19-8a3c-2367e7078fb3.jpg
662,59073119,https://g.petango.com/photos/3636/1fa5e8a4-f529-4735-9c35-004fbb72d585.jpg
663,59076505,https://g.petango.com/photos/3636/70eba838-8e44-4148-8920-1dd162cd5e56.jpg
664,59076639,https://g.petango.com/photos/3636/d2e0da5d-5e2b-482b-bd76-6f6385e25edf.jpg
665,59077476,https://g.petango.com/photos/3636/6504e977-80b0-4ca0-b68b-6c9aee674eb0.jpg
666,59079264,https://g.petango.com/photos/3636/ec32c9ed-e161-43f3-ad3a-325b8a084d91.jpg
667,59079840,https://g.petango.com/photos/3636/3f20e41c-07db-49d3-9a8b-e0fe597af753.jpg
668,59080152,https://g.petango.com/photos/3636/aadfdc7f-e866-43ed-adc1-49225a797402.jpg
669,59080643,https://g.petango.com/photos/3636/ad4ec25e-3d86-43a5-955f-64029bc15940.jpg
670,59080672,https://g.petango.com/photos/3636/68244da2-051c-4456-a586-06db5d3c0b63.jpg
671,59080810,https://g.petango.com/photos/3636/bd704ef6-a41e-4368-8635-119be2faf962.jpg
672,59083104,https://g.petango.com/photos/3636/dafe9f5f-7763-4565-b84f-ef6aa0b0b4e3.jpg
673,59083921,https://g.petango.com/photos/3636/1eb4e153-de03-442e-9293-661f92f77d15.jpg
674,59083932,https://g.petango.com/photos/3636/fbb14f76-b384-4b1d-b234-1e02112c5f03.jpg
675,59084840,https://g.petango.com/photos/3636/5de592dc-7907-400b-9120-9c21405e7652.jpg
676,59086837,https://g.petango.com/photos/3636/f8975722-cc94-4c7b-bedd-0a9af34a5f0d.jpg
677,59087305,https://g.petango.com/photos/3636/49978653-2446-459b-8378-3964ec74df51.jpg
678,59089087,https://g.petango.com/photos/3636/92a4d664-c4c4-4753-bd5f-3ae671f0143a.jpg
679,59089105,https://g.petango.com/photos/3636/43fc4e3e-a22e-47e0-98cd-1a438c83a942.jpg
680,59089132,https://g.petango.com/photos/3636/caa56cd3-97dc-4c6a-83f9-ede20d864030.jpg
681,59089696,https://g.petango.com/photos/3636/7eedaa44-1704-4827-810d-d268caa4dd98.jpg
682,59090299,https://g.petango.com/photos/3636/c47b2d1a-e90c-4d5c-b5c8-5eec87c44315.jpg
683,59090536,https://g.petango.com/photos/3636/41136ae0-04bc-432b-b1a7-1e6815f831c5.jpg
684,59091185,https://g.petango.com/photos/3636/d44c7d18-08aa-42cb-9c53-18ce0b67dc73.jpg
685,59091250,https://g.petango.com/photos/3636/6195d844-2393-4ec7-bde6-08ae33e0a1a8.jpg
686,59091500,https://g.petango.com/photos/3636/27f177bf-a2bf-49c1-b397-71c6bdf32884.jpg
687,59093171,https://g.petango.com/photos/3636/19def1c5-6062-47ef-a4e4-1763974bdb7d.jpg
688,59093469,https://g.petango.com/photos/3636/7d17c19e-8d02-4158-8f87-dbf4269cd0f0.jpg
689,59093794,https://g.petango.com/photos/3636/d1eb06d0-1836-41dc-b9b6-ee5ebcca5a35.jpg
690,59095523,https://g.petango.com/photos/3636/ea49dc26-b8f9-4a35-a295-dcae6e4167fd.jpg
691,59095636,https://g.petango.com/photos/3636/3022f1ad-dd19-4773-9468-1e81a4c315ec.jpg
692,59095840,https://g.petango.com/photos/3636/b9515b96-8cce-49f6-8f9d-d2951f298571.jpg
693,59096476,https://g.petango.com/photos/3636/fb0ed8fb-613e-4df9-a92a-d820ab2641e0.jpg
694,59096501,https://g.petango.com/photos/3636/6a326b95-53fc-42cd-8a67-e3bcef354a4b.jpg
695,59097186,https://g.petango.com/photos/3636/aa60d932-037b-49e1-b63d-a7bee9d3abd0.jpg
696,59098188,https://g.petango.com/photos/3636/72dc48ce-40e8-46a6-918e-c0792178bc5c.jpg
697,59098443,https://g.petango.com/photos/3636/31535a7a-0c84-4fdf-9a1e-4d17e829439a.jpg
698,59098998,https://g.petango.com/photos/3636/60cdfa51-c8e0-4ca0-8cc4-e8472adeb2ce.jpg
699,59100213,https://g.petango.com/photos/3636/93db2280-c54f-4a2c-98d0-b08ec9e2256f.jpg
700,59101291,https://g.petango.com/photos/3636/d8163fb4-174f-4f27-9258-a0a0986a2468.jpg
701,59101393,https://g.petango.com/photos/3636/f0933844-bd56-4b79-8312-271858b0d2c6.jpg
702,59101512,https://g.petango.com/photos/3636/b4468356-8ea8-4ecb-a75e-d2f8f74b73be.jpg
703,59101670,https://g.petango.com/photos/3636/755bb54e-1661-4434-8d40-fa23b41dc921.jpg
704,59101770,https://g.petango.com/photos/3636/f33b5dd7-390c-4e28-b6d4-ede788a348b9.jpg
705,59102342,https://g.petango.com/photos/3636/e20f11b6-d01b-4dc0-b59e-fa8198954988.jpg
706,59102424,https://g.petango.com/photos/3636/472f85e6-4ad8-4aae-be48-a33f2829260c.jpg
707,59104668,https://g.petango.com/photos/3636/1224c465-ab3a-49fd-b831-8a9343533d73.jpg
708,59105531,https://g.petango.com/photos/3636/0d580d57-ba57-4cbf-ad34-e9fb36d3e86b.jpg
709,59105707,https://g.petango.com/photos/3636/0fb3320b-36c3-495e-baac-7eaf084033a3.jpg
710,59105728,https://g.petango.com/photos/3636/2bdfa236-23ad-47ec-a922-9ded37e77a0c.jpg
711,59105810,https://g.petango.com/photos/3636/dec57daf-0dc6-47a6-957d-bd728efb7044.jpg
712,59106400,https://g.petango.com/photos/3636/579c110f-f6ba-498b-9445-d7cc26457745.jpg
713,59106761,https://g.petango.com/photos/3636/6b47c817-7fd1-4d26-bf69-c11de3310cf5.jpg
714,59108642,https://g.petango.com/photos/3636/099bc111-3673-4a85-b9e5-9729935fca08.jpg
715,59108996,https://g.petango.com/photos/3636/b7ffc193-35dd-43ef-aa5e-ce81cab82204.jpg
716,59109550,https://g.petango.com/photos/3636/4f9bdb0a-0a31-46d6-b007-2962779d7f2a.jpg
717,59109555,https://g.petango.com/photos/3636/35732ffb-93b8-4ccc-82dd-01458855fbf5.jpg
718,59110103,https://g.petango.com/photos/3636/3c9a1054-7ed8-4e15-94a5-73477715b42b.jpg
719,59110884,https://g.petango.com/photos/3636/069765a4-105d-4a34-a697-3216c42e5418.jpg
720,59111557,https://g.petango.com/photos/3636/05b0d930-4516-47cd-b51b-be460dcbd505.jpg
721,59113015,https://g.petango.com/photos/3636/e24565e7-4065-4035-ab75-c41afd090434.jpg
722,59113422,https://g.petango.com/photos/3636/a5c7ddf4-e295-41e0-a1ff-8f80e4ada46a.jpg
723,59113748,https://g.petango.com/photos/3636/09076d96-220c-4504-b833-eb7dfd57abfc.jpg
724,59114517,https://g.petango.com/photos/3636/c5127afa-ec76-4170-a221-b4442cca1e4a.jpg
725,59116037,https://g.petango.com/photos/3636/c2b118f6-cd0e-400d-bea7-f6c3f36143a1.jpg
726,59116423,https://g.petango.com/photos/3636/1ec789c6-626c-4345-8ec8-37ad0cb26d26.jpg
727,59117627,https://g.petango.com/photos/3636/18d642be-53c2-442f-8e78-10e44b333326.jpg
728,59117737,https://g.petango.com/photos/3636/aa3c5f69-82ed-4c45-a8f2-1b26fe1891e2.jpg
729,59121408,https://g.petango.com/photos/3636/e2542224-985e-409d-9809-f0b0bdae1129.jpg
730,59121452,https://g.petango.com/photos/3636/f55c5b5a-f65a-4d4c-8b17-385dd55b4142.jpg
731,59121527,https://g.petango.com/photos/3636/143b3509-d7bd-4f7c-bc46-5b1b8cb0ef48.jpg
732,59121809,https://g.petango.com/photos/3636/e085c9c1-9946-4665-a5b9-a25982297bc3.jpg
733,59121860,https://g.petango.com/photos/3636/48958537-8a01-4aa6-9a42-5be85d3639a5.jpg
734,59122741,https://g.petango.com/photos/3636/e53797b3-bf01-4e01-ad27-a4ef41282982.jpg
735,59123537,https://g.petango.com/photos/3636/0804030a-3576-400f-a98c-e27659f46586.jpg
736,59123733,https://g.petango.com/photos/3636/e4e8f813-d2b0-4e04-b147-a9a1d4c027fd.jpg
737,59123747,https://g.petango.com/photos/3636/b5cc73f1-3fdf-464b-b6e8-d2f050c25963.jpg
738,59123893,https://g.petango.com/photos/3636/63f28390-e8b5-42e5-a140-58c9cf816b3c.jpg
739,59125495,https://g.petango.com/photos/3636/9eb52570-c879-44ef-b654-495d767b9d16.jpg
740,59126703,https://g.petango.com/photos/3636/b98a9792-4fa5-4dc8-8232-8a88222074b2.jpg
741,59186726,https://g.petango.com/photos/3636/b49b8853-9eb8-4c55-9ca0-0e2c1973d310.jpg
742,59187326,https://g.petango.com/photos/3636/aca7b1c1-a492-4dc8-8f96-290fbe2e3030.jpg
743,59187357,https://g.petango.com/photos/3636/3d774d53-bc07-499d-81bc-3d199f3ecaea.jpg
744,59187897,https://g.petango.com/photos/3636/f4c3a460-1400-4323-b57a-dcc07109be6e.jpg
745,59188328,https://g.petango.com/photos/3636/6332c8b0-b23a-47ef-9353-699649d8f202.jpg
746,59188894,https://g.petango.com/photos/3636/0c386d51-8926-46bd-9549-b5daa16a8112.jpg
747,59191607,https://g.petango.com/photos/3636/fddb16fd-37a2-45a2-8fdc-fe5754157c6c.jpg
748,59192169,https://g.petango.com/photos/3636/0a7cdeee-0f64-4574-8ba0-69fefe79776d.jpg
749,59192800,https://g.petango.com/photos/3636/afb7d821-cfb1-4c10-bf59-171b56048cf5.jpg
750,59193088,https://g.petango.com/photos/3636/450cc426-c139-4214-aa32-23229c64fae8.jpg
751,59193435,https://g.petango.com/photos/3636/a88cdb83-30e7-4276-9ef7-bc0dd235e89a.jpg
752,59194156,https://g.petango.com/photos/3636/3369f079-ce3e-4c55-822d-c19ebfeb618b.jpg
753,59201452,https://g.petango.com/photos/3636/86eaff1a-e8ab-4902-b4a2-c87442ba1ae9.jpg
754,59201498,https://g.petango.com/photos/3636/792e0236-939f-45b1-8641-9aba2964fbc4.jpg
755,59201506,https://g.petango.com/photos/3636/523ff04f-7ee9-4784-a60d-68a86d99d680.jpg
756,59201841,https://g.petango.com/photos/3636/d3560458-dff9-48ca-aa30-c25dc1ac311e.jpg
757,59204663,https://g.petango.com/photos/3636/e13330ba-dc1e-4b13-8cf3-6ba34f624c09.jpg
758,59204957,https://g.petango.com/photos/3636/d3cfc69e-5136-40db-b204-5154ca588602.jpg
759,59204968,https://g.petango.com/photos/3636/02f6cb75-9a3e-4b94-a109-11fac88da37a.jpg
760,59205301,https://g.petango.com/photos/3636/2cd2f517-dc67-482f-afab-6d5a9aff92ac.jpg
761,59205427,https://g.petango.com/photos/3636/9ef36fbf-7d7e-4c1a-8407-3d8eb9bf35ef.jpg
762,59205759,https://g.petango.com/photos/3636/4a74240a-ae76-4cc0-968f-72b02cc016c9.jpg
763,59205944,https://g.petango.com/photos/3636/13a583ca-0fe9-4bc6-9a6f-3abf0b5aac06.jpg
764,59207050,https://g.petango.com/photos/3636/638f3579-d6dc-4c9d-a33d-b5050d739ccd.jpg
765,59207637,https://g.petango.com/photos/3636/4a641c4f-0b61-4c6e-b6c3-2d4bdd11130a.jpg
766,59207833,https://g.petango.com/photos/3636/627df5a4-8eab-4bfb-a2d0-ea696bc22efe.jpg
767,59209048,https://g.petango.com/photos/3636/0a1606e6-b334-4f94-8e1f-732d05edf1ef.jpg
768,59209164,https://g.petango.com/photos/3636/e49fdd40-1b43-4a61-af7f-d01b51b47830.jpg
769,59209398,https://g.petango.com/photos/3636/d72545e8-1b2a-428b-8640-fd2dfc2acfa5.jpg
770,59209543,https://g.petango.com/photos/3636/f679fa6f-3059-4ade-8ab2-c7716f9b4875.jpg
771,59209550,https://g.petango.com/photos/3636/7dd0beb7-df16-4d70-a55c-1118732db770.jpg
772,59209562,https://g.petango.com/photos/3636/1ac02546-ce1f-4546-8845-740c7d9d08ec.jpg
773,59211044,https://g.petango.com/photos/3636/01c733c5-de15-43c3-8053-6664375eb4f5.jpg
774,59211166,https://g.petango.com/photos/3636/03ee4747-52fc-410a-a10c-4231d88067c2.jpg
775,59211192,https://g.petango.com/photos/3636/5fd3d23a-457d-4c4a-bc8c-e06be0d3b5ef.jpg
776,59211223,https://g.petango.com/photos/3636/fa4ae9cc-76bc-4924-b378-fc7dbe8f1eac.jpg
777,59212500,https://g.petango.com/photos/3636/11874535-77c8-4f68-8821-7cf3ffbb5432.jpg
778,59214231,https://g.petango.com/photos/3636/54f46143-91a3-433e-9be3-e89487178c70.jpg
779,59216702,https://g.petango.com/photos/3636/8a0b5f18-f754-48d7-ad33-a0f618033e2f.jpg
780,59216974,https://g.petango.com/photos/3636/99437d3c-7efa-46f7-819f-d6e287c2a057.jpg
781,59217071,https://g.petango.com/photos/3636/1e1ba0c1-2a78-48df-ac5c-e4267d9d02c9.jpg
782,59217133,https://g.petango.com/photos/3636/276d4dd0-00c5-47ea-83c5-d54d16b91260.jpg
783,59217493,https://g.petango.com/photos/3636/ada1ed52-9c1a-4af4-812a-7d50921d57a4.jpg
784,59218046,https://g.petango.com/photos/3636/926ee0a2-1a1a-4e36-a618-72d372d8042c.jpg
785,59218047,https://g.petango.com/photos/3636/d08b5719-65c2-4b92-ad1d-39c0ed511abf.jpg
786,59218068,https://g.petango.com/photos/3636/98926264-f289-4a91-8bf4-d4b044e3c52d.jpg
787,59219219,https://g.petango.com/photos/3636/d7a8f01a-1096-46e1-a54c-71920a27afbe.jpg
788,59219255,https://g.petango.com/shared/Photo-Not-Available-dog.gif
789,59220107,https://g.petango.com/photos/3636/d07c2b34-e648-40ac-a64b-b017c6e4e55c.jpg
790,59220223,https://g.petango.com/photos/3636/9026265e-edb8-4c2f-b6ae-4295536e69b3.jpg
791,59221224,https://g.petango.com/photos/3636/d1a27159-e20a-4933-bb6a-63203d6d1b30.jpg
792,59221336,https://g.petango.com/photos/3636/e4e73df7-94ab-49f5-9d9f-d083e5613f52.jpg
793,59221594,https://g.petango.com/photos/3636/60ef2608-f1c4-4f0f-b815-7e110e667d4d.jpg
794,59222702,https://g.petango.com/photos/3636/b2517b69-47f5-4f4c-a469-f242460c433e.jpg
795,59223256,https://g.petango.com/photos/3636/ec6154c6-d043-4445-accd-4aebdbaca4c1.jpg
796,59223836,https://g.petango.com/photos/3636/e924a721-e83b-4448-970c-af0a04b01f0c.jpg
797,59223851,https://g.petango.com/photos/3636/e161359e-c136-4782-b6b9-a2056df5223b.jpg
798,59224207,https://g.petango.com/photos/3636/f0f509da-4a32-4d68-9109-2e0bb5ac35b8.jpg
799,59224364,https://g.petango.com/photos/3636/ceb5cf61-e493-4965-8a70-488b1eb45519.jpg
800,59224903,https://g.petango.com/photos/3636/d698ef1d-99fe-4bf8-a460-fb48ae03c56c.jpg
801,59225391,https://g.petango.com/photos/3636/3c7246df-1f13-43ac-a1e6-ed13810b39cf.jpg
802,59225645,https://g.petango.com/photos/3636/aa02600f-d363-407c-bffb-d68cbb25790f.jpg
803,59226558,https://g.petango.com/photos/3636/fbeb065c-7e19-45ec-8b1a-4df7eff08d1f.jpg
804,59226845,https://g.petango.com/photos/3636/54af8ddf-4891-4682-8286-72ff168792f4.jpg
805,59226901,https://g.petango.com/photos/3636/67b35786-0d37-4f04-9237-d08f66342b60.jpg
806,59226903,https://g.petango.com/photos/3636/8cf34bcb-ec0c-42de-ad41-83c5ce9ecebf.jpg
807,59227530,https://g.petango.com/photos/3636/6f718d37-de5e-4b02-b40f-2d884572bbcc.jpg
808,59228590,https://g.petango.com/photos/3636/4bec5c37-3c86-4e89-8b0c-604ea6ad1cb1.jpg
809,59229512,https://g.petango.com/photos/3636/350a6209-3a2c-44b3-980f-aac346181509.jpg
810,59229515,https://g.petango.com/photos/3636/38689182-8e84-4741-a449-39eb9fa54a1a.jpg
811,59229516,https://g.petango.com/photos/3636/ccc7dcd2-a2ad-48df-aa00-8c2a5b3015d6.jpg
812,59229518,https://g.petango.com/photos/3636/4b7015c7-ce43-426f-896c-f029624b4b85.jpg
813,59229600,https://g.petango.com/photos/3636/ef8ae867-66aa-4297-b448-1c11d38ae1da.jpg
814,59229601,https://g.petango.com/photos/3636/9aa72fda-269d-4f7f-b658-42418bb5c1b4.jpg
815,59229604,https://g.petango.com/photos/3636/902255d4-a45e-443e-961e-34bf3a74e025.jpg
816,59229612,https://g.petango.com/photos/3636/17967ea0-4983-4475-ba66-0994fc9f7cfa.jpg
817,59229628,https://g.petango.com/photos/3636/5d2bf018-ed9e-4140-a843-3694546c178c.jpg
818,59229633,https://g.petango.com/photos/3636/1295478e-33f8-423c-9c4f-9eb607b3fb45.jpg
819,59230047,https://g.petango.com/photos/3636/89263a0a-3e8d-4be4-8b18-535b7a81c651.jpg
820,59230076,https://g.petango.com/photos/3636/59bdb811-2412-4fe6-9a64-f3349fe2a257.jpg
821,59230095,https://g.petango.com/photos/3636/acc5a066-da60-4793-b846-83909e6347d8.jpg
822,59230145,https://g.petango.com/photos/3636/0ee63d71-d3ae-40a5-a1c7-ec208226ac99.jpg
823,59230914,https://g.petango.com/photos/3636/bf682ac9-a88f-4fbc-b379-b90e3f555e62.jpg
824,59231042,https://g.petango.com/photos/3636/2c751acb-269b-4f73-bf61-2e72cac63854.jpg
825,59231395,https://g.petango.com/photos/3636/50b1a904-e654-4a03-984e-b666cd29209f.jpg
826,59231416,https://g.petango.com/photos/3636/1aacba3f-360e-4b9b-b17c-fa6765cda1d0.jpg
827,59234037,https://g.petango.com/photos/3636/a1918160-b928-4e2e-b8db-70771d9f3d26.jpg
828,59234298,https://g.petango.com/photos/3636/403e809b-7dbe-462a-b57b-530117b6ab11.jpg
829,59234322,https://g.petango.com/photos/3636/e9788769-2e6a-45ac-857b-41d3c02a614f.jpg
830,59237875,https://g.petango.com/photos/3636/69f8388a-76b7-476c-80bb-420141020112.jpg
831,59238268,https://g.petango.com/photos/3636/150d8c18-f70a-4856-82bf-46d1726d8c8a.jpg
832,59238550,https://g.petango.com/photos/3636/3f2f8a4c-547e-4213-8336-7465084aedef.jpg
833,59239562,https://g.petango.com/photos/3636/4a310b37-0540-409f-9a01-5d9a8adc08a0.jpg
834,59240381,https://g.petango.com/photos/3636/dabc2ad1-a2be-465b-9267-ec5ea8297c02.jpg
835,59240909,https://g.petango.com/photos/3636/abca0da2-40c0-4c77-9857-93a4b7d07724.jpg
836,59240942,https://g.petango.com/photos/3636/01d5ba6f-9c8c-4990-9d9a-e4f423981e0e.jpg
837,59241633,https://g.petango.com/photos/3636/dfac46fd-fdec-4046-96db-48805c44b81a.jpg
838,59242246,https://g.petango.com/photos/3636/b706fdfe-1816-4479-9e5c-71973623a1ee.jpg
839,59242581,https://g.petango.com/photos/3636/0ce94b60-0761-4dd5-9c98-9a6b215de1e6.jpg
840,59245103,https://g.petango.com/photos/3636/28263dd9-60b6-487e-b4b6-89e2fcf4e219.jpg
841,59245106,https://g.petango.com/photos/3636/3be64208-b8a2-423d-bdb7-fdb5b3964228.jpg
842,59245257,https://g.petango.com/photos/3636/1c45f1d3-7ee4-4b14-a906-541bbd32d890.jpg
843,59245717,https://g.petango.com/photos/3636/41917819-8244-43ac-a2a8-f9d71625208b.jpg
844,59245741,https://g.petango.com/photos/3636/90488a2e-691e-48af-be91-fb0730dbd4b9.jpg
845,59245927,https://g.petango.com/photos/3636/9565cb52-c6b1-404f-b4ff-01199ee5564c.jpg
846,59246410,https://g.petango.com/photos/3636/5052ef24-0c6d-4306-83c0-4b6ab17134aa.jpg
847,59247232,https://g.petango.com/photos/3636/27df332a-a316-4876-94dd-ff155f58a4fa.jpg
848,59247670,https://g.petango.com/photos/3636/ee49b7ab-cc6c-41f1-aa16-4a9563377bb5.jpg
849,59248207,https://g.petango.com/photos/3636/2ce0320b-efab-48e2-8dd2-df6b37d01e34.jpg
850,59249083,https://g.petango.com/photos/3636/98236ef9-6a4f-44ec-8098-7b0a00c90591.jpg
851,59249152,https://g.petango.com/photos/3636/07054846-baf1-4b07-bd6b-3ffdbfdf8c22.jpg
852,59249931,https://g.petango.com/photos/3636/07e7a292-5009-419b-8682-e5deab9ceb56.jpg
853,59250212,https://g.petango.com/photos/3636/4e63ac15-1f21-44bf-bc60-e874f46ca4de.jpg
854,59250235,https://g.petango.com/photos/3636/ee624649-eb26-443a-a2d9-b9bcca99e017.jpg
855,59250440,https://g.petango.com/photos/3636/9854e714-6d3a-4a58-99bb-c7e2508ccc6d.jpg
856,59252389,https://g.petango.com/photos/3636/41867a8b-8019-4e2c-b151-91ba4e511fb0.jpg
857,59252820,https://g.petango.com/photos/3636/fdc63a11-f4e3-4c3f-8507-edb7a9593ef6.jpg
858,59253294,https://g.petango.com/photos/3636/c4cb2bdc-8a73-4183-ba59-8f8185e6af64.jpg
859,59253396,https://g.petango.com/photos/3636/887bc8e7-acee-44f7-915d-e5528a034702.jpg
860,59253592,https://g.petango.com/photos/3636/5dfd228d-bee9-4434-aca6-2d6d3bbdf943.jpg
861,59253771,https://g.petango.com/photos/3636/227a639e-196f-468e-bdb8-125078c85e1e.jpg
862,59253774,https://g.petango.com/photos/3636/d730de5d-ecd6-4feb-b802-2bf92631b07a.jpg
863,59253834,https://g.petango.com/photos/3636/759be49b-cf17-48be-92b8-01c1eff9050c.jpg
864,59253890,https://g.petango.com/photos/3636/92205b6c-bd95-4ff3-bb2f-3afc6a785e30.jpg
865,59253900,https://g.petango.com/photos/3636/39c9566a-7ad4-41dc-8d8a-261e596a182d.jpg
866,59254615,https://g.petango.com/photos/3636/6960bd6b-8f98-43b0-a9d1-70d7469b1641.jpg
867,59255827,https://g.petango.com/photos/3636/73ba7fc8-78e9-4152-8994-23ac50b8439a.jpg
868,59255890,https://g.petango.com/photos/3636/93483bf8-cc5d-4e0f-abeb-04e4032dc731.jpg
869,59256463,https://g.petango.com/photos/3636/bf2c8a62-2b24-4422-8e74-c0fdf80e8c45.jpg
870,59256599,https://g.petango.com/photos/3636/ac27c094-6782-45f2-9aa2-aec6a6a3299b.jpg
871,59257490,https://g.petango.com/photos/3636/a201b373-4c06-4cd2-bcc6-3b759d79de99.jpg
872,59258383,https://g.petango.com/photos/3636/ee8d285c-3c4e-4e3e-b4dc-12a0b811e95e.jpg
873,59258390,https://g.petango.com/photos/3636/6d8934a3-5265-4d07-be1a-ee09dacfc6aa.jpg
874,59258400,https://g.petango.com/photos/3636/938ce353-2370-4188-ab7f-785eaaf60a8b.jpg
875,59259068,https://g.petango.com/photos/3636/a38c3666-ff6a-4bce-b550-8cdf0ed46d61.jpg
876,59261027,https://g.petango.com/photos/3636/987519c6-8390-428c-b7ff-ca011527514c.jpg
877,59261154,https://g.petango.com/photos/3636/a3c25043-8b38-40eb-9aac-aa53036f3fa4.jpg
878,59261659,https://g.petango.com/photos/3636/e0c8fb1b-df30-4d8c-9ea5-dd569629fc78.jpg
879,59261667,https://g.petango.com/photos/3636/23bac3b2-5402-4d22-bf39-f0f5308a27c8.jpg
880,59261670,https://g.petango.com/photos/3636/aacedbf9-1077-4ae9-b9b3-5651cc97c75c.jpg
881,59261687,https://g.petango.com/photos/3636/e8bf8570-4c34-47dd-9b62-fd2138669793.jpg
882,59261979,https://g.petango.com/photos/3636/a255bfb2-a7c5-4803-a6e3-cf8a0190a911.jpg
883,59262300,https://g.petango.com/photos/3636/b62c7db6-16e5-42aa-9bb9-5c515df85fc3.jpg
884,59262353,https://g.petango.com/photos/3636/38ebc66f-dc90-437a-a557-984d3670ea38.jpg
885,59263622,https://g.petango.com/photos/3636/a0154a2c-1fef-4867-98e4-229ed23f62f9.jpg
886,59263942,https://g.petango.com/photos/3636/86c78d81-be7a-4be5-b9e5-2b0dc36cfccc.jpg
887,59264238,https://g.petango.com/photos/3636/aa32b479-5a1c-49f8-8228-bdcb49a65c9f.jpg
888,59264248,https://g.petango.com/photos/3636/0454e8b1-4125-4573-b4bf-7db09f42259c.jpg
889,59264596,https://g.petango.com/photos/3636/926e99a6-8c5f-4198-af31-a998221073d8.jpg
890,59265066,https://g.petango.com/photos/3636/6e9145ec-349c-4f93-b2ef-622aebfcce52.jpg
891,59265957,https://g.petango.com/photos/3636/da65f244-30fd-46de-9213-cc5f6a5a8527.jpg
892,59266070,https://g.petango.com/photos/3636/2cf7e6d8-2219-484e-92c2-ae63af0c3166.jpg
893,59266777,https://g.petango.com/photos/3636/0c09f37f-3c3d-4516-8173-ec2f9af44395.jpg
894,59266788,https://g.petango.com/photos/3636/c4f67b1d-0bd1-4cd7-8958-083743f6b936.jpg
895,59266797,https://g.petango.com/photos/3636/67803f11-791c-4528-a2d2-722cb97a8d9e.jpg
